invoice_id	subscription_id	account_id	invoice_date	amount	currency	status
INV5000	SUB3890	ACC1638	2025-09-15	99.43	EUR	PAID
INV5001	SUB2773	ACC2322	2025-06-25	0.0	EUR	refunded
INV5002	SUB3219	ACC3121	2025-09-15	472.47	USD	paid
INV5003	SUB3706	ACC2800	2025-08-29	160.58	USD	PAID
INV5004	SUB4196	ACC2384	2025-06-25	0.0	USDD	PAID
INV5005	SUB3873	ACC3520	2025-06-19	0.0	INR	paid
INV5006	SUB3385	ACC5013	2025-07-19	0.0	EUR	refunded
INV5007	SUB3609	ACC3321	2025-08-02	-13.29	EUR	refunded
INV5008	SUB3543	ACC4601	2025-06-05	0.0	EUR	refunded
INV5009	SUB3908	ACC2854	2025-07-17	0.0	EUR	PAID
INV5010	SUB1918	ACC4498	2025-09-15	-29.86	EUR	PAID
INV5011	SUB2165	ACC4173	2025-06-23	0.0	INR	refunded
INV5012	SUB4418	ACC1066	2025-09-15	140.97	INR	paid
INV5013	SUB1932	ACC1491	2025-09-15	-36.48	INR	PAID
INV5014	SUB4145	ACC1843	2025-06-27	0.0	USD	paid
INV5015	SUB3377	ACC2863	2025-09-15	278.61	EUR	failed
INV5016	SUB4333	ACC1918	2025-08-22	226.22	USD	PAID
INV5017	SUB3038	ACC1270	2025-09-15	88.61	USDD	failed
INV5018	SUB4097	ACC2968	2025-06-20	0.0	USD	failed
INV5019	SUB3208	ACC3988	2025-07-14	0.0	EUR	refunded
INV5020	SUB3871	ACC2310	2025-08-18	0.0	USDD	failed
INV5021	SUB3954	ACC2926	2025-07-29	117.58	EUR	PAID
INV5022	SUB2080	ACC2676	2025-06-17	0.0	USDD	paid
INV5023	SUB3943	ACC3799	2025-09-15	324.98	USDD	failed
INV5024	SUB2003	ACC5055	2025-08-12	351.96	EUR	refunded
INV5025	SUB2482	ACC3193	2025-06-10	279.76	INR	PAID
INV5026	SUB3417	ACC2218	2025-06-13	31.92	USDD	refunded
INV5027	SUB4430	ACC5382	2025-06-04	401.72	EUR	PAID
INV5028	SUB3713	ACC4494	2025-07-19	0.0	INR	refunded
INV5029	SUB4333	ACC3453	2025-09-15	0.0	EUR	PAID
INV5030	SUB2501	ACC4409	2025-07-22	385.67	INR	failed
INV5031	SUB2730	ACC4874	2025-09-15	0.0	EUR	PAID
INV5032	SUB4117	ACC3687	2025-06-09	488.07	USD	PAID
INV5033	SUB3251	ACC2666	2025-09-15	0.0	USDD	PAID
INV5034	SUB3341	ACC4530	2025-09-15	0.0	USD	refunded
INV5035	SUB4448	ACC1611	2025-07-30	449.55	EUR	refunded
INV5036	SUB3519	ACC2267	2025-09-15	135.22	EUR	refunded
INV5037	SUB4157	ACC3399	2025-06-11	338.85	INR	paid
INV5038	SUB2219	ACC2808	2025-07-11	-37.0	EUR	paid
INV5039	SUB2240	ACC4628	2025-06-21	0.0	USD	PAID
INV5040	SUB4107	ACC4126	2025-09-15	181.66	USDD	paid
INV5041	SUB4458	ACC5999	2025-09-15	0.0	EUR	PAID
INV5042	SUB3181	ACC4416	2025-07-22	0.0	USD	paid
INV5043	SUB1973	ACC1954	2025-09-15	270.02	EUR	refunded
INV5044	SUB1958	ACC5557	2025-09-15	153.01	USDD	refunded
INV5045	SUB3950	ACC4146	2025-06-18	-19.65	EUR	paid
INV5046	SUB3523	ACC3545	2025-08-11	0.0	USD	paid
INV5047	SUB4185	ACC3990	2025-07-05	0.0	USD	PAID
INV5048	SUB3101	ACC2965	2025-09-15	282.79	EUR	PAID
INV5049	SUB3435	ACC5773	2025-07-13	187.89	USD	paid
INV5050	SUB1914	ACC3208	2025-07-12	0.0	USD	paid
INV5051	SUB4063	ACC5028	2025-09-15	422.36	USD	failed
INV5052	SUB2995	ACC5976	2025-07-12	434.56	INR	failed
INV5053	SUB4202	ACC5141	2025-07-19	5.46	USD	refunded
INV5054	SUB3015	ACC2221	2025-07-16	0.0	USD	PAID
INV5055	SUB2036	ACC1599	2025-09-15	31.55	EUR	paid
INV5056	SUB2417	ACC1674	2025-09-15	366.38	USDD	paid
INV5057	SUB4355	ACC4915	2025-09-15	259.85	INR	failed
INV5058	SUB2037	ACC5664	2025-09-15	0.0	USDD	failed
INV5059	SUB2320	ACC1171	2025-09-15	133.74	INR	failed
INV5060	SUB2450	ACC2658	2025-07-05	40.44	INR	PAID
INV5061	SUB2631	ACC3735	2025-09-15	396.16	EUR	failed
INV5062	SUB3777	ACC3951	2025-09-15	0.0	EUR	paid
INV5063	SUB3929	ACC3246	2025-08-07	495.83	USD	PAID
INV5064	SUB2234	ACC4473	2025-09-15	0.0	EUR	paid
INV5065	SUB3886	ACC2539	2025-07-13	0.0	USDD	refunded
INV5066	SUB4133	ACC3040	2025-09-15	64.7	USDD	paid
INV5067	SUB2318	ACC2634	2025-08-11	0.0	USDD	failed
INV5068	SUB2609	ACC2609	2025-08-24	0.0	USDD	failed
INV5069	SUB2777	ACC3141	2025-08-29	311.11	INR	failed
INV5070	SUB2490	ACC4322	2025-06-28	0.0	EUR	failed
INV5071	SUB1922	ACC3875	2025-09-15	0.0	USDD	PAID
INV5072	SUB1951	ACC4208	2025-06-10	146.44	USDD	refunded
INV5073	SUB2875	ACC3372	2025-06-16	247.8	EUR	paid
INV5074	SUB2919	ACC1721	2025-09-15	0.0	USD	failed
INV5075	SUB3507	ACC5444	2025-09-15	11.02	USDD	PAID
INV5076	SUB3649	ACC1838	2025-09-15	0.0	INR	PAID
INV5077	SUB3448	ACC4387	2025-09-15	0.0	INR	paid
INV5078	SUB2649	ACC5406	2025-09-15	0.0	INR	PAID
INV5079	SUB4417	ACC3175	2025-08-30	0.0	INR	PAID
INV5080	SUB3452	ACC2892	2025-09-15	317.41	USD	paid
INV5081	SUB2346	ACC2469	2025-09-15	0.0	EUR	paid
INV5082	SUB2860	ACC4873	2025-09-15	45.07	INR	PAID
INV5083	SUB3401	ACC2762	2025-09-15	0.0	USD	refunded
INV5084	SUB3846	ACC2001	2025-09-15	200.0	USD	paid
INV5085	SUB2494	ACC1301	2025-09-15	54.98	USDD	PAID
INV5086	SUB4212	ACC1045	2025-08-05	21.59	INR	failed
INV5087	SUB2639	ACC2916	2025-09-15	0.0	INR	refunded
INV5088	SUB1940	ACC4416	2025-09-15	17.51	USD	PAID
INV5089	SUB2718	ACC1480	2025-09-15	106.7	USDD	PAID
INV5090	SUB3743	ACC4024	2025-09-15	27.1	USDD	refunded
INV5091	SUB2157	ACC4168	2025-07-02	0.0	INR	PAID
INV5092	SUB2706	ACC4852	2025-06-04	381.65	INR	paid
INV5093	SUB3388	ACC2083	2025-09-15	0.0	USD	paid
INV5094	SUB1925	ACC5548	2025-09-15	451.75	USDD	failed
INV5095	SUB3294	ACC4789	2025-07-07	233.23	EUR	failed
INV5096	SUB3226	ACC3333	2025-08-26	483.24	USDD	paid
INV5097	SUB3508	ACC2166	2025-09-15	487.45	EUR	paid
INV5098	SUB4480	ACC4980	2025-06-03	0.0	USDD	paid
INV5099	SUB2890	ACC1641	2025-09-15	0.0	USD	refunded
INV5100	SUB3474	ACC4435	2025-09-15	134.38	USD	refunded
INV5101	SUB4249	ACC2441	2025-09-15	287.28	USDD	paid
INV5102	SUB3390	ACC5959	2025-09-15	285.23	USDD	failed
INV5103	SUB2470	ACC3557	2025-09-15	0.0	USD	refunded
INV5104	SUB3312	ACC1256	2025-07-18	188.63	EUR	PAID
INV5105	SUB2854	ACC3076	2025-06-02	0.0	USD	PAID
INV5106	SUB4217	ACC2687	2025-06-12	86.63	INR	refunded
INV5107	SUB2606	ACC5275	2025-06-03	0.0	INR	refunded
INV5108	SUB2993	ACC3967	2025-08-11	0.0	USDD	paid
INV5109	SUB3244	ACC2195	2025-09-15	0.0	USD	refunded
INV5110	SUB3590	ACC4720	2025-06-28	0.0	USD	PAID
INV5111	SUB4578	ACC5901	2025-08-29	182.97	EUR	refunded
INV5112	SUB3700	ACC1408	2025-07-06	332.84	EUR	refunded
INV5113	SUB4152	ACC5688	2025-09-15	0.0	USD	PAID
INV5114	SUB3899	ACC3762	2025-09-15	-31.89	USD	failed
INV5115	SUB2363	ACC5562	2025-09-15	0.0	INR	PAID
INV5116	SUB1928	ACC3441	2025-09-15	314.53	USDD	refunded
INV5117	SUB3531	ACC1468	2025-09-15	0.0	USDD	refunded
INV5118	SUB2163	ACC2052	2025-08-16	182.09	USD	failed
INV5119	SUB3464	ACC1794	2025-09-15	48.48	INR	PAID
INV5120	SUB3075	ACC4050	2025-09-15	437.35	USDD	paid
INV5121	SUB4386	ACC3145	2025-08-21	0.0	USDD	failed
INV5122	SUB3278	ACC5407	2025-08-27	359.83	USDD	failed
INV5123	SUB4400	ACC1666	2025-09-15	18.41	USD	failed
INV5124	SUB4398	ACC1233	2025-09-15	0.0	USD	failed
INV5125	SUB3500	ACC2279	2025-07-05	-0.05	INR	refunded
INV5126	SUB3636	ACC1125	2025-07-13	345.78	INR	failed
INV5127	SUB2344	ACC5729	2025-09-15	40.05	EUR	paid
INV5128	SUB2168	ACC3448	2025-08-25	0.0	INR	PAID
INV5129	SUB4283	ACC4603	2025-07-28	91.67	USD	failed
INV5130	SUB1970	ACC4002	2025-09-15	0.0	INR	failed
INV5131	SUB2583	ACC5113	2025-06-26	461.12	USDD	refunded
INV5132	SUB2726	ACC1528	2025-09-15	264.55	INR	PAID
INV5133	SUB3598	ACC3202	2025-06-17	-47.51	EUR	paid
INV5134	SUB2315	ACC5267	2025-09-15	0.0	EUR	failed
INV5135	SUB4237	ACC2110	2025-08-14	0.0	EUR	paid
INV5136	SUB2259	ACC4303	2025-07-20	0.0	EUR	failed
INV5137	SUB4024	ACC1757	2025-09-15	435.67	USDD	PAID
INV5138	SUB2515	ACC1507	2025-07-16	0.0	USD	refunded
INV5139	SUB3643	ACC3862	2025-08-20	103.76	USD	failed
INV5140	SUB3683	ACC4939	2025-06-08	0.0	USDD	refunded
INV5141	SUB2858	ACC5902	2025-09-15	92.49	USD	PAID
INV5142	SUB2284	ACC1502	2025-07-20	436.05	USD	refunded
INV5143	SUB4261	ACC2376	2025-07-22	-21.65	INR	refunded
INV5144	SUB4383	ACC2086	2025-09-15	0.0	USDD	paid
INV5145	SUB3569	ACC4267	2025-08-10	0.0	USD	paid
INV5146	SUB2283	ACC1066	2025-08-17	0.0	EUR	PAID
INV5147	SUB4159	ACC4477	2025-09-15	0.0	USD	refunded
INV5148	SUB3257	ACC4852	2025-06-16	55.0	EUR	PAID
INV5149	SUB3184	ACC1488	2025-09-15	487.21	USDD	failed
INV5150	SUB3886	ACC2295	2025-07-02	169.07	INR	failed
INV5151	SUB2395	ACC2181	2025-09-15	-9.14	USD	paid
INV5152	SUB2615	ACC5731	2025-09-15	0.0	USD	failed
INV5153	SUB2241	ACC1694	2025-09-15	449.55	USDD	PAID
INV5154	SUB2250	ACC1364	2025-08-21	0.0	INR	failed
INV5155	SUB3994	ACC4797	2025-09-15	0.0	INR	failed
INV5156	SUB3234	ACC3157	2025-08-18	0.0	EUR	failed
INV5157	SUB2093	ACC974	2025-09-15	78.19	USDD	refunded
INV5158	SUB3859	ACC1193	2025-09-15	-14.94	USDD	PAID
INV5159	SUB4115	ACC2754	2025-09-15	0.0	USD	refunded
INV5160	SUB3140	ACC4148	2025-09-15	0.0	INR	failed
INV5161	SUB2172	ACC1404	2025-08-21	0.0	USDD	refunded
INV5162	SUB2648	ACC4786	2025-06-30	100.38	EUR	refunded
INV5163	SUB3332	ACC1976	2025-09-15	0.0	INR	refunded
INV5164	SUB3749	ACC2960	2025-09-15	0.0	USDD	refunded
INV5165	SUB4266	ACC2306	2025-07-11	0.0	EUR	failed
INV5166	SUB2510	ACC3147	2025-06-03	53.58	EUR	failed
INV5167	SUB4277	ACC3210	2025-09-15	0.0	USD	paid
INV5168	SUB2095	ACC2116	2025-08-16	264.37	INR	failed
INV5169	SUB4314	ACC1359	2025-09-15	0.0	USDD	refunded
INV5170	SUB4455	ACC1699	2025-07-22	0.0	USD	paid
INV5171	SUB1924	ACC5737	2025-09-15	-33.03	INR	paid
INV5172	SUB2200	ACC4292	2025-07-23	0.0	USDD	PAID
INV5173	SUB3596	ACC2071	2025-09-15	0.0	USDD	failed
INV5174	SUB1908	ACC4683	2025-09-15	413.77	USD	failed
INV5175	SUB3881	ACC5845	2025-08-11	0.0	USDD	refunded
INV5176	SUB2627	ACC5265	2025-07-16	0.0	USDD	failed
INV5177	SUB3396	ACC5101	2025-09-15	56.09	USD	failed
INV5178	SUB3398	ACC3262	2025-08-06	0.0	USDD	refunded
INV5179	SUB3209	ACC4240	2025-09-15	121.76	USD	failed
INV5180	SUB2571	ACC5294	2025-09-15	462.7	EUR	PAID
INV5181	SUB3948	ACC2420	2025-06-20	487.92	USD	refunded
INV5182	SUB3663	ACC931	2025-09-15	0.0	INR	paid
INV5183	SUB3825	ACC1991	2025-06-27	366.92	USDD	PAID
INV5184	SUB2319	ACC4898	2025-08-24	0.0	USD	refunded
INV5185	SUB2554	ACC4915	2025-07-12	-10.22	USDD	refunded
INV5186	SUB1957	ACC4715	2025-07-28	0.0	USD	failed
INV5187	SUB2667	ACC1190	2025-09-15	412.68	EUR	failed
INV5188	SUB3486	ACC2308	2025-07-29	0.0	USD	paid
INV5189	SUB2236	ACC2637	2025-06-03	0.0	USD	PAID
INV5190	SUB3774	ACC1798	2025-09-15	0.0	USD	PAID
INV5191	SUB2609	ACC4186	2025-07-05	366.73	USDD	failed
INV5192	SUB3567	ACC3878	2025-07-23	-20.12	EUR	paid
INV5193	SUB2465	ACC4603	2025-06-07	0.0	USD	PAID
INV5194	SUB4565	ACC1055	2025-09-15	0.0	EUR	paid
INV5195	SUB3656	ACC4790	2025-09-15	480.0	INR	failed
INV5196	SUB3666	ACC4899	2025-07-18	0.0	USD	refunded
INV5197	SUB3129	ACC5339	2025-07-02	0.0	USD	failed
INV5198	SUB3446	ACC5097	2025-08-14	208.45	INR	refunded
INV5199	SUB4433	ACC5014	2025-07-12	0.0	EUR	PAID
INV5200	SUB4172	ACC1703	2025-08-28	328.07	EUR	paid
INV5201	SUB4320	ACC4926	2025-08-20	0.0	INR	failed
INV5202	SUB2381	ACC3489	2025-06-07	0.0	USD	paid
INV5203	SUB4307	ACC1442	2025-08-05	0.0	USDD	refunded
INV5204	SUB2682	ACC5871	2025-07-22	0.0	USDD	failed
INV5205	SUB2542	ACC4353	2025-09-15	497.46	USDD	PAID
INV5206	SUB3743	ACC4525	2025-06-20	94.16	EUR	refunded
INV5207	SUB4597	ACC2020	2025-09-15	81.64	USDD	paid
INV5208	SUB3563	ACC2061	2025-09-15	0.0	USDD	refunded
INV5209	SUB4037	ACC4457	2025-09-15	161.14	EUR	paid
INV5210	SUB1995	ACC4183	2025-07-07	0.0	EUR	refunded
INV5211	SUB3266	ACC1863	2025-09-15	428.98	USD	paid
INV5212	SUB4591	ACC3033	2025-08-12	171.24	USD	PAID
INV5213	SUB4466	ACC3674	2025-09-15	327.63	USDD	failed
INV5214	SUB2502	ACC4422	2025-06-16	211.16	INR	refunded
INV5215	SUB2758	ACC2161	2025-09-15	-44.46	USDD	refunded
INV5216	SUB3493	ACC2393	2025-06-26	156.55	USDD	refunded
INV5217	SUB4337	ACC3020	2025-09-15	416.27	EUR	failed
INV5218	SUB1974	ACC4758	2025-07-29	0.0	USDD	refunded
INV5219	SUB2069	ACC1083	2025-09-15	0.0	USDD	refunded
INV5220	SUB2437	ACC3250	2025-09-15	336.01	INR	refunded
INV5221	SUB1969	ACC4617	2025-09-15	0.0	EUR	failed
INV5222	SUB2292	ACC3391	2025-07-21	0.0	EUR	refunded
INV5223	SUB2152	ACC3215	2025-09-15	0.0	USD	paid
INV5224	SUB3645	ACC1312	2025-06-05	339.64	USDD	refunded
INV5225	SUB3628	ACC4938	2025-08-19	180.97	INR	failed
INV5226	SUB3038	ACC1696	2025-08-20	417.03	USDD	refunded
INV5227	SUB4561	ACC5474	2025-09-15	174.05	USD	paid
INV5228	SUB4286	ACC2721	2025-09-15	0.0	USDD	refunded
INV5229	SUB2269	ACC2296	2025-09-15	185.76	INR	refunded
INV5230	SUB3162	ACC4785	2025-09-15	260.61	EUR	paid
INV5231	SUB2940	ACC1201	2025-09-15	27.3	INR	refunded
INV5232	SUB4498	ACC4845	2025-06-10	206.79	USD	paid
INV5233	SUB2648	ACC1423	2025-09-15	0.0	EUR	failed
INV5234	SUB3080	ACC1877	2025-09-15	177.97	USD	PAID
INV5235	SUB4200	ACC3574	2025-07-06	413.43	EUR	refunded
INV5236	SUB3144	ACC1462	2025-06-07	343.32	USD	paid
INV5237	SUB3369	ACC1176	2025-09-15	0.0	INR	refunded
INV5238	SUB2519	ACC4698	2025-09-15	318.84	INR	paid
INV5239	SUB2112	ACC3452	2025-08-23	0.0	USDD	refunded
INV5240	SUB3668	ACC5053	2025-08-25	393.41	INR	refunded
INV5241	SUB2539	ACC4018	2025-06-03	0.0	INR	PAID
INV5242	SUB3032	ACC1668	2025-09-15	29.9	USD	failed
INV5243	SUB2585	ACC2611	2025-09-15	0.0	EUR	PAID
INV5244	SUB3633	ACC5030	2025-09-15	0.0	USDD	refunded
INV5245	SUB2654	ACC4274	2025-09-15	-29.08	INR	PAID
INV5246	SUB2471	ACC5190	2025-09-15	424.18	EUR	paid
INV5247	SUB4116	ACC1621	2025-09-15	0.0	EUR	failed
INV5248	SUB4215	ACC3574	2025-09-15	0.0	USD	refunded
INV5249	SUB2318	ACC969	2025-08-22	0.0	EUR	paid
INV5250	SUB2515	ACC973	2025-09-15	0.0	USDD	refunded
INV5251	SUB3731	ACC1663	2025-09-15	162.15	INR	PAID
INV5252	SUB3604	ACC3428	2025-08-21	0.0	USDD	refunded
INV5253	SUB4437	ACC956	2025-07-23	281.29	INR	paid
INV5254	SUB3367	ACC3981	2025-06-02	0.0	USDD	failed
INV5255	SUB3293	ACC1696	2025-06-05	150.31	USD	PAID
INV5256	SUB2037	ACC2856	2025-06-21	0.0	USDD	PAID
INV5257	SUB4457	ACC4340	2025-09-15	0.0	INR	paid
INV5258	SUB2131	ACC5061	2025-06-05	-45.78	USDD	PAID
INV5259	SUB2600	ACC2341	2025-09-15	0.0	USDD	paid
INV5260	SUB2730	ACC3015	2025-09-15	386.14	USDD	paid
INV5261	SUB2104	ACC1332	2025-09-15	399.18	INR	failed
INV5262	SUB4572	ACC2696	2025-09-15	0.0	EUR	PAID
INV5263	SUB3064	ACC4919	2025-09-15	0.0	EUR	failed
INV5264	SUB3977	ACC4168	2025-09-15	464.19	INR	paid
INV5265	SUB2161	ACC3880	2025-09-15	97.96	USDD	refunded
INV5266	SUB2101	ACC4434	2025-09-15	66.32	USD	refunded
INV5267	SUB3108	ACC1399	2025-09-15	0.0	USD	refunded
INV5268	SUB3994	ACC2053	2025-07-06	0.0	USDD	failed
INV5269	SUB4458	ACC2929	2025-06-04	440.38	INR	paid
INV5270	SUB2274	ACC4784	2025-09-15	143.58	USDD	PAID
INV5271	SUB2891	ACC1822	2025-09-15	470.23	USD	refunded
INV5272	SUB2441	ACC1737	2025-08-09	400.61	USDD	paid
INV5273	SUB4266	ACC5713	2025-09-15	0.0	INR	paid
INV5274	SUB2852	ACC1667	2025-06-03	0.0	USDD	failed
INV5275	SUB3263	ACC5774	2025-06-27	0.0	INR	PAID
INV5276	SUB3740	ACC3371	2025-09-15	0.0	USD	PAID
INV5277	SUB2938	ACC2174	2025-09-15	0.0	USD	PAID
INV5278	SUB2016	ACC2524	2025-06-10	376.73	INR	refunded
INV5279	SUB2442	ACC2471	2025-07-20	0.0	USD	failed
INV5280	SUB2465	ACC4806	2025-08-05	0.0	INR	failed
INV5281	SUB2535	ACC3881	2025-07-04	0.0	USD	failed
INV5282	SUB4480	ACC977	2025-09-15	-6.99	INR	PAID
INV5283	SUB2570	ACC5882	2025-09-15	229.54	EUR	refunded
INV5284	SUB3223	ACC2476	2025-07-18	370.21	USDD	PAID
INV5285	SUB2134	ACC3107	2025-08-03	355.91	USDD	PAID
INV5286	SUB2071	ACC1442	2025-07-13	472.98	INR	PAID
INV5287	SUB3059	ACC3021	2025-08-12	0.0	EUR	paid
INV5288	SUB2562	ACC1940	2025-09-15	114.53	EUR	failed
INV5289	SUB3711	ACC2253	2025-09-15	0.0	USD	failed
INV5290	SUB3962	ACC5635	2025-09-15	0.0	INR	failed
INV5291	SUB2668	ACC2139	2025-08-17	0.0	INR	failed
INV5292	SUB2545	ACC4268	2025-08-09	0.0	EUR	refunded
INV5293	SUB2399	ACC3248	2025-09-15	0.0	EUR	PAID
INV5294	SUB2063	ACC3544	2025-09-15	0.0	INR	paid
INV5295	SUB4505	ACC5236	2025-07-22	0.0	USDD	PAID
INV5296	SUB2932	ACC3140	2025-09-15	0.0	EUR	paid
INV5297	SUB2406	ACC1475	2025-06-21	392.77	EUR	paid
INV5298	SUB2663	ACC1757	2025-09-15	0.0	USDD	failed
INV5299	SUB3360	ACC1649	2025-09-15	63.8	USD	failed
INV5300	SUB4512	ACC5824	2025-07-18	70.17	EUR	PAID
INV5301	SUB3234	ACC2057	2025-07-30	-49.06	USDD	refunded
INV5302	SUB4401	ACC5376	2025-09-15	-8.46	INR	refunded
INV5303	SUB4041	ACC3289	2025-06-04	429.86	USD	PAID
INV5304	SUB3575	ACC4263	2025-07-01	123.01	EUR	PAID
INV5305	SUB2537	ACC2096	2025-08-19	373.83	USDD	refunded
INV5306	SUB3658	ACC5594	2025-09-15	0.0	EUR	paid
INV5307	SUB3385	ACC3362	2025-09-15	-21.72	EUR	refunded
INV5308	SUB3797	ACC5824	2025-06-08	313.66	USDD	PAID
INV5309	SUB2578	ACC4301	2025-09-15	52.53	USD	PAID
INV5310	SUB3611	ACC2098	2025-07-12	137.03	USDD	paid
INV5311	SUB2184	ACC2008	2025-08-10	0.0	USD	PAID
INV5312	SUB3396	ACC5150	2025-07-17	30.16	INR	refunded
INV5313	SUB4327	ACC5954	2025-06-21	0.0	USDD	PAID
INV5314	SUB2740	ACC3137	2025-09-15	0.0	USDD	PAID
INV5315	SUB3699	ACC4632	2025-08-22	431.25	USDD	PAID
INV5316	SUB3847	ACC2059	2025-07-21	0.0	USD	refunded
INV5317	SUB3555	ACC3924	2025-08-15	0.0	USDD	failed
INV5318	SUB2614	ACC2513	2025-09-15	0.0	USD	failed
INV5319	SUB3153	ACC1299	2025-09-15	0.0	EUR	PAID
INV5320	SUB3179	ACC3430	2025-09-15	0.0	INR	refunded
INV5321	SUB4235	ACC5538	2025-06-26	158.49	USD	failed
INV5322	SUB2580	ACC1061	2025-09-15	106.82	USDD	refunded
INV5323	SUB3353	ACC1961	2025-08-14	280.4	EUR	refunded
INV5324	SUB3217	ACC2035	2025-08-23	445.58	USD	PAID
INV5325	SUB2720	ACC4796	2025-08-19	0.0	USDD	paid
INV5326	SUB2714	ACC2947	2025-06-13	0.0	EUR	PAID
INV5327	SUB2752	ACC1225	2025-06-18	0.0	USDD	PAID
INV5328	SUB3011	ACC2733	2025-09-15	-37.59	EUR	PAID
INV5329	SUB2462	ACC5393	2025-08-02	0.0	INR	paid
INV5330	SUB3675	ACC1225	2025-09-15	0.0	USD	paid
INV5331	SUB3496	ACC3729	2025-06-07	-3.66	INR	failed
INV5332	SUB4213	ACC4229	2025-07-11	0.0	INR	PAID
INV5333	SUB4145	ACC4087	2025-09-15	113.07	USD	PAID
INV5334	SUB4146	ACC1710	2025-09-15	0.0	USD	PAID
INV5335	SUB3638	ACC3565	2025-09-15	475.06	EUR	paid
INV5336	SUB3576	ACC2087	2025-09-15	0.0	USD	refunded
INV5337	SUB3604	ACC1947	2025-06-22	242.54	USD	PAID
INV5338	SUB3942	ACC2371	2025-07-23	79.05	INR	PAID
INV5339	SUB2141	ACC5689	2025-07-31	0.0	USD	failed
INV5340	SUB2114	ACC4901	2025-09-15	30.94	USD	failed
INV5341	SUB3336	ACC5930	2025-08-18	0.0	USD	failed
INV5342	SUB4281	ACC1976	2025-08-15	178.57	EUR	paid
INV5343	SUB3934	ACC5035	2025-08-17	294.61	USDD	refunded
INV5344	SUB2504	ACC5868	2025-09-15	0.0	USDD	paid
INV5345	SUB2579	ACC2446	2025-06-18	326.62	EUR	paid
INV5346	SUB4109	ACC5914	2025-09-15	171.48	USD	refunded
INV5347	SUB1988	ACC2293	2025-09-15	65.42	USD	refunded
INV5348	SUB2126	ACC2215	2025-09-15	0.0	USD	failed
INV5349	SUB4000	ACC5728	2025-06-23	0.0	INR	failed
INV5350	SUB2497	ACC2583	2025-07-31	0.0	USD	PAID
INV5351	SUB2627	ACC1815	2025-08-06	0.0	USDD	refunded
INV5352	SUB3693	ACC1076	2025-07-14	0.0	USD	PAID
INV5353	SUB2795	ACC3464	2025-06-06	-14.71	USD	paid
INV5354	SUB3445	ACC1885	2025-09-15	431.57	USDD	refunded
INV5355	SUB3217	ACC3664	2025-08-26	0.0	USD	failed
INV5356	SUB3007	ACC2977	2025-09-15	0.0	USDD	refunded
INV5357	SUB2913	ACC4707	2025-06-01	0.0	EUR	failed
INV5358	SUB4460	ACC2726	2025-06-16	0.0	USDD	paid
INV5359	SUB4347	ACC5415	2025-09-15	0.0	EUR	refunded
INV5360	SUB2171	ACC4965	2025-06-06	0.0	USD	failed
INV5361	SUB2394	ACC3958	2025-09-15	0.0	EUR	paid
INV5362	SUB3968	ACC4770	2025-06-12	0.0	USD	paid
INV5363	SUB3164	ACC1463	2025-06-10	437.9	EUR	PAID
INV5364	SUB2402	ACC1308	2025-07-24	183.81	USD	failed
INV5365	SUB4240	ACC4093	2025-09-15	0.0	USDD	paid
INV5366	SUB2693	ACC3228	2025-07-22	7.63	EUR	refunded
INV5367	SUB4127	ACC2828	2025-09-15	121.6	INR	PAID
INV5368	SUB3127	ACC4894	2025-09-15	0.0	USDD	refunded
INV5369	SUB4036	ACC5612	2025-09-15	79.63	INR	PAID
INV5370	SUB4305	ACC4065	2025-06-22	0.0	USD	failed
INV5371	SUB4543	ACC2206	2025-09-15	57.96	USDD	failed
INV5372	SUB1979	ACC3216	2025-09-15	0.0	EUR	paid
INV5373	SUB3745	ACC2598	2025-07-20	0.0	EUR	failed
INV5374	SUB4461	ACC2397	2025-09-15	4.18	INR	PAID
INV5375	SUB3847	ACC2816	2025-07-26	0.0	USDD	failed
INV5376	SUB4030	ACC1737	2025-09-15	0.0	USD	PAID
INV5377	SUB2890	ACC3268	2025-06-21	0.0	USDD	failed
INV5378	SUB3031	ACC4131	2025-09-15	0.0	USDD	paid
INV5379	SUB2281	ACC3601	2025-09-15	458.13	USDD	paid
INV5380	SUB4441	ACC3912	2025-09-15	432.51	USD	paid
INV5381	SUB3215	ACC2819	2025-07-08	0.0	INR	failed
INV5382	SUB3183	ACC2915	2025-08-16	0.0	USDD	PAID
INV5383	SUB3750	ACC1548	2025-09-15	0.0	USD	paid
INV5384	SUB3416	ACC2708	2025-07-28	0.0	USD	PAID
INV5385	SUB2692	ACC4059	2025-07-07	0.0	EUR	PAID
INV5386	SUB2412	ACC3017	2025-09-15	199.84	USDD	PAID
INV5387	SUB2964	ACC3887	2025-06-02	187.47	EUR	refunded
INV5388	SUB2445	ACC4463	2025-09-15	0.0	INR	PAID
INV5389	SUB3570	ACC5109	2025-06-12	411.0	USD	refunded
INV5390	SUB3617	ACC3526	2025-09-15	464.96	INR	paid
INV5391	SUB3874	ACC3178	2025-06-19	241.94	USDD	paid
INV5392	SUB3847	ACC3861	2025-07-26	74.98	INR	failed
INV5393	SUB2698	ACC5475	2025-06-28	85.8	USD	paid
INV5394	SUB3831	ACC1412	2025-06-04	217.73	USD	PAID
INV5395	SUB4038	ACC5715	2025-08-13	0.0	INR	failed
INV5396	SUB3034	ACC3629	2025-09-15	332.36	EUR	refunded
INV5397	SUB2126	ACC2686	2025-09-15	0.0	USDD	paid
INV5398	SUB2930	ACC5924	2025-08-06	262.07	USDD	failed
INV5399	SUB2431	ACC2809	2025-09-15	0.0	USD	PAID
INV5400	SUB2475	ACC2448	2025-09-15	0.0	EUR	failed
INV5401	SUB2895	ACC2510	2025-09-15	62.46	INR	paid
INV5402	SUB3236	ACC5401	2025-09-15	262.67	INR	paid
INV5403	SUB3224	ACC5938	2025-09-15	0.0	INR	PAID
INV5404	SUB3132	ACC1992	2025-08-16	204.43	USD	PAID
INV5405	SUB2881	ACC4106	2025-06-27	0.0	USD	refunded
INV5406	SUB2475	ACC5245	2025-08-23	482.69	EUR	refunded
INV5407	SUB4478	ACC3112	2025-07-11	0.0	USDD	failed
INV5408	SUB3990	ACC1055	2025-09-15	381.38	EUR	paid
INV5409	SUB2715	ACC4616	2025-07-10	454.01	USD	PAID
INV5410	SUB4336	ACC5528	2025-09-15	0.0	EUR	paid
INV5411	SUB1983	ACC5030	2025-06-05	218.39	EUR	PAID
INV5412	SUB2580	ACC2391	2025-09-15	0.0	USD	paid
INV5413	SUB2920	ACC2117	2025-06-12	0.0	USD	PAID
INV5414	SUB3675	ACC1147	2025-08-20	0.0	USD	refunded
INV5415	SUB3931	ACC2206	2025-08-09	0.0	INR	refunded
INV5416	SUB2754	ACC4094	2025-07-22	0.0	EUR	refunded
INV5417	SUB1938	ACC3879	2025-09-15	412.92	EUR	paid
INV5418	SUB4110	ACC1440	2025-09-15	348.84	INR	refunded
INV5419	SUB3563	ACC3829	2025-06-07	274.37	USDD	failed
INV5420	SUB3490	ACC4625	2025-09-15	415.07	USDD	failed
INV5421	SUB3198	ACC5600	2025-07-24	192.4	EUR	PAID
INV5422	SUB2303	ACC3499	2025-06-17	0.0	EUR	failed
INV5423	SUB3594	ACC2534	2025-09-15	0.0	USD	PAID
INV5424	SUB4202	ACC1418	2025-06-18	136.57	USDD	paid
INV5425	SUB2019	ACC3840	2025-09-15	0.0	USDD	failed
INV5426	SUB3400	ACC3445	2025-06-17	464.24	INR	PAID
INV5427	SUB4432	ACC4135	2025-09-15	113.22	INR	PAID
INV5428	SUB4293	ACC5561	2025-09-15	0.0	EUR	failed
INV5429	SUB3887	ACC5994	2025-06-08	0.0	USDD	refunded
INV5430	SUB3296	ACC1231	2025-07-07	-44.66	USD	PAID
INV5431	SUB4100	ACC4218	2025-08-11	53.79	INR	failed
INV5432	SUB1990	ACC3267	2025-09-15	205.71	INR	failed
INV5433	SUB4037	ACC3325	2025-09-15	-23.28	EUR	PAID
INV5434	SUB3876	ACC2028	2025-06-27	258.34	EUR	paid
INV5435	SUB1990	ACC5224	2025-09-15	127.67	EUR	failed
INV5436	SUB3469	ACC5864	2025-09-15	118.52	USD	failed
INV5437	SUB4310	ACC1850	2025-08-07	0.0	USDD	refunded
INV5438	SUB4028	ACC2653	2025-09-15	0.0	USDD	failed
INV5439	SUB1952	ACC5167	2025-08-07	0.0	EUR	refunded
INV5440	SUB4178	ACC2645	2025-09-15	0.0	INR	failed
INV5441	SUB3546	ACC5018	2025-07-27	196.06	USD	PAID
INV5442	SUB3857	ACC3752	2025-09-15	-32.19	USDD	paid
INV5443	SUB3365	ACC4649	2025-09-15	121.07	USDD	paid
INV5444	SUB2374	ACC2338	2025-06-03	261.42	USDD	paid
INV5445	SUB3158	ACC4529	2025-09-15	0.0	USD	refunded
INV5446	SUB1944	ACC2515	2025-08-13	-12.88	USD	refunded
INV5447	SUB2276	ACC5449	2025-09-15	0.0	USD	refunded
INV5448	SUB3619	ACC2184	2025-09-15	0.0	EUR	failed
INV5449	SUB2587	ACC1716	2025-09-15	0.0	EUR	PAID
INV5450	SUB3623	ACC5027	2025-09-15	20.61	USD	refunded
INV5451	SUB3053	ACC4777	2025-06-28	0.0	INR	PAID
INV5452	SUB3349	ACC3463	2025-06-22	0.0	INR	refunded
INV5453	SUB2194	ACC2446	2025-08-12	0.0	INR	refunded
INV5454	SUB2917	ACC1944	2025-07-22	329.56	EUR	failed
INV5455	SUB2660	ACC1911	2025-08-10	0.0	USD	failed
INV5456	SUB2539	ACC2030	2025-09-15	387.48	USDD	paid
INV5457	SUB2137	ACC3784	2025-09-15	415.63	USD	refunded
INV5458	SUB2347	ACC1098	2025-09-15	0.0	USDD	PAID
INV5459	SUB3281	ACC2441	2025-08-21	252.13	USDD	PAID
INV5460	SUB2741	ACC4202	2025-08-06	0.0	USDD	failed
INV5461	SUB2593	ACC5117	2025-08-05	0.0	EUR	PAID
INV5462	SUB4365	ACC1635	2025-09-15	475.31	EUR	paid
INV5463	SUB4558	ACC5284	2025-07-10	269.72	USD	paid
INV5464	SUB3843	ACC3352	2025-06-30	0.0	EUR	PAID
INV5465	SUB1939	ACC1097	2025-06-23	454.26	EUR	failed
INV5466	SUB3483	ACC2211	2025-09-15	466.02	USDD	failed
INV5467	SUB3910	ACC4762	2025-07-30	470.3	USD	failed
INV5468	SUB3650	ACC3014	2025-07-23	0.0	USDD	paid
INV5469	SUB3634	ACC5222	2025-09-15	31.23	USD	paid
INV5470	SUB2208	ACC1219	2025-09-15	0.0	USD	refunded
INV5471	SUB3886	ACC3025	2025-09-15	428.78	USD	PAID
INV5472	SUB2299	ACC4862	2025-09-15	109.98	USDD	failed
INV5473	SUB2898	ACC2067	2025-07-18	0.0	EUR	PAID
INV5474	SUB2499	ACC2528	2025-09-15	0.0	EUR	paid
INV5475	SUB3792	ACC2264	2025-09-15	400.1	USD	refunded
INV5476	SUB3950	ACC3681	2025-06-16	0.0	EUR	refunded
INV5477	SUB2808	ACC5827	2025-09-15	0.0	USDD	refunded
INV5478	SUB2661	ACC1995	2025-09-15	272.03	INR	failed
INV5479	SUB3481	ACC5691	2025-09-15	0.0	INR	refunded
INV5480	SUB4197	ACC2622	2025-06-01	0.0	INR	refunded
INV5481	SUB4585	ACC5240	2025-07-26	-11.41	USDD	PAID
INV5482	SUB2592	ACC5415	2025-09-15	0.0	USDD	paid
INV5483	SUB3912	ACC2494	2025-09-15	407.58	USDD	paid
INV5484	SUB3776	ACC5100	2025-09-15	128.04	EUR	PAID
INV5485	SUB3142	ACC4802	2025-06-13	0.0	INR	failed
INV5486	SUB2088	ACC2142	2025-09-15	0.0	USDD	PAID
INV5487	SUB3764	ACC3759	2025-07-18	0.0	INR	PAID
INV5488	SUB3709	ACC4014	2025-08-07	0.0	USDD	failed
INV5489	SUB3728	ACC5402	2025-09-15	15.83	INR	refunded
INV5490	SUB4448	ACC4943	2025-09-15	0.0	USD	refunded
INV5491	SUB4437	ACC3755	2025-08-23	167.74	INR	paid
INV5492	SUB4373	ACC1918	2025-09-15	185.85	EUR	PAID
INV5493	SUB4173	ACC1919	2025-09-15	29.08	INR	PAID
INV5494	SUB3871	ACC4746	2025-08-23	445.68	INR	paid
INV5495	SUB2518	ACC4699	2025-07-21	0.0	EUR	paid
INV5496	SUB2982	ACC1635	2025-06-21	0.0	INR	paid
INV5497	SUB3127	ACC1480	2025-06-17	-9.3	USDD	PAID
INV5498	SUB3892	ACC2785	2025-09-15	46.2	USDD	refunded
INV5499	SUB3801	ACC4305	2025-09-15	0.0	USDD	failed
INV5500	SUB3977	ACC3385	2025-06-01	-8.76	INR	failed
INV5501	SUB2273	ACC2275	2025-09-15	0.0	USDD	PAID
INV5502	SUB2315	ACC5929	2025-09-15	109.31	EUR	failed
INV5503	SUB3766	ACC2759	2025-06-19	0.0	USDD	PAID
INV5504	SUB2002	ACC2481	2025-09-15	193.96	INR	failed
INV5505	SUB2865	ACC5634	2025-07-08	0.0	USD	failed
INV5506	SUB3869	ACC3925	2025-07-14	46.47	USD	failed
INV5507	SUB3256	ACC2243	2025-08-22	0.0	INR	refunded
INV5508	SUB3178	ACC4178	2025-07-16	0.0	INR	PAID
INV5509	SUB2077	ACC1712	2025-08-30	0.0	USD	failed
INV5510	SUB3023	ACC1717	2025-08-24	0.0	USD	paid
INV5511	SUB2272	ACC972	2025-07-19	6.82	INR	failed
INV5512	SUB3738	ACC5459	2025-09-15	174.7	USDD	failed
INV5513	SUB4184	ACC3263	2025-09-15	0.0	USD	refunded
INV5514	SUB2976	ACC4492	2025-06-26	0.0	EUR	failed
INV5515	SUB2588	ACC1416	2025-08-10	0.0	USDD	refunded
INV5516	SUB2704	ACC5232	2025-07-26	129.97	INR	paid
INV5517	SUB4391	ACC3741	2025-09-15	79.11	USDD	PAID
INV5518	SUB4434	ACC5481	2025-09-15	0.0	USDD	failed
INV5519	SUB3805	ACC5787	2025-09-15	160.66	INR	PAID
INV5520	SUB3687	ACC3757	2025-09-15	419.8	INR	PAID
INV5521	SUB4162	ACC4001	2025-08-08	0.0	USD	paid
INV5522	SUB3971	ACC3230	2025-08-12	0.0	INR	paid
INV5523	SUB1919	ACC2185	2025-06-14	151.14	INR	refunded
INV5524	SUB4504	ACC4803	2025-08-10	332.62	INR	failed
INV5525	SUB3441	ACC2317	2025-09-15	84.37	USDD	PAID
INV5526	SUB1966	ACC4474	2025-09-15	-30.19	INR	paid
INV5527	SUB4434	ACC1559	2025-09-15	351.35	USDD	paid
INV5528	SUB2285	ACC5964	2025-08-26	0.0	USDD	paid
INV5529	SUB3441	ACC5593	2025-07-26	84.8	USDD	PAID
INV5530	SUB2883	ACC4174	2025-09-15	346.77	USD	PAID
INV5531	SUB2776	ACC1877	2025-06-07	-37.58	USDD	failed
INV5532	SUB2628	ACC1830	2025-07-06	218.68	EUR	failed
INV5533	SUB3744	ACC2887	2025-09-15	448.93	INR	PAID
INV5534	SUB2901	ACC3523	2025-06-27	87.28	USDD	PAID
INV5535	SUB2469	ACC3011	2025-09-15	0.0	EUR	paid
INV5536	SUB3736	ACC3171	2025-09-15	182.72	USD	failed
INV5537	SUB2506	ACC5223	2025-08-19	-44.89	USDD	paid
INV5538	SUB4490	ACC4259	2025-06-02	-10.77	USDD	failed
INV5539	SUB2919	ACC4091	2025-06-11	273.8	USD	refunded
INV5540	SUB3306	ACC3191	2025-09-15	143.2	INR	failed
INV5541	SUB2887	ACC5241	2025-09-15	33.03	USDD	PAID
INV5542	SUB2210	ACC2740	2025-06-13	197.75	USD	failed
INV5543	SUB2328	ACC2864	2025-09-15	121.77	USD	paid
INV5544	SUB3247	ACC2758	2025-09-15	258.28	EUR	PAID
INV5545	SUB3377	ACC1220	2025-08-14	14.96	INR	failed
INV5546	SUB4506	ACC4074	2025-06-28	85.78	USD	PAID
INV5547	SUB3807	ACC5613	2025-07-24	106.21	USDD	paid
INV5548	SUB3472	ACC3740	2025-07-06	0.0	INR	PAID
INV5549	SUB2468	ACC4280	2025-07-15	117.07	USDD	PAID
INV5550	SUB3932	ACC2121	2025-09-15	456.76	USDD	PAID
INV5551	SUB4150	ACC5775	2025-08-02	492.57	INR	failed
INV5552	SUB2318	ACC5302	2025-08-22	350.0	USD	PAID
INV5553	SUB4378	ACC5037	2025-06-13	0.0	EUR	refunded
INV5554	SUB2447	ACC1139	2025-09-15	0.0	EUR	refunded
INV5555	SUB2603	ACC4144	2025-09-15	143.9	USD	refunded
INV5556	SUB2894	ACC1214	2025-09-15	15.15	INR	PAID
INV5557	SUB4491	ACC1065	2025-09-15	9.95	USD	refunded
INV5558	SUB1913	ACC1280	2025-09-15	0.0	USDD	failed
INV5559	SUB3741	ACC1733	2025-09-15	143.05	USD	refunded
INV5560	SUB4249	ACC2904	2025-09-15	409.96	INR	PAID
INV5561	SUB2545	ACC2824	2025-09-15	0.0	INR	failed
INV5562	SUB4562	ACC3565	2025-07-20	0.0	USDD	refunded
INV5563	SUB3655	ACC3570	2025-09-15	0.0	USDD	failed
INV5564	SUB2351	ACC4143	2025-06-03	0.0	USDD	refunded
INV5565	SUB2330	ACC4945	2025-06-12	0.0	EUR	failed
INV5566	SUB3956	ACC985	2025-08-01	423.22	INR	failed
INV5567	SUB2056	ACC2145	2025-07-02	-43.63	USD	refunded
INV5568	SUB2562	ACC4295	2025-07-23	248.24	INR	failed
INV5569	SUB2970	ACC3989	2025-07-16	0.0	INR	paid
INV5570	SUB3683	ACC1479	2025-07-05	14.79	USD	PAID
INV5571	SUB4061	ACC5273	2025-07-31	189.0	USDD	PAID
INV5572	SUB3548	ACC5908	2025-09-15	365.88	EUR	failed
INV5573	SUB2832	ACC5242	2025-09-15	0.0	USDD	paid
INV5574	SUB2273	ACC4672	2025-09-15	0.0	USDD	paid
INV5575	SUB2241	ACC4513	2025-09-15	0.0	INR	paid
INV5576	SUB3388	ACC2476	2025-07-06	91.72	EUR	paid
INV5577	SUB2838	ACC2138	2025-06-09	0.0	USD	refunded
INV5578	SUB4288	ACC1751	2025-09-15	409.31	USD	PAID
INV5579	SUB2423	ACC4437	2025-09-15	0.0	USD	PAID
INV5580	SUB3092	ACC1364	2025-09-15	108.37	INR	refunded
INV5581	SUB3105	ACC3743	2025-06-10	226.44	USDD	failed
INV5582	SUB4447	ACC3042	2025-08-12	0.0	USDD	refunded
INV5583	SUB4346	ACC4796	2025-09-15	238.63	EUR	refunded
INV5584	SUB4361	ACC3534	2025-09-15	292.01	EUR	PAID
INV5585	SUB3340	ACC5659	2025-07-23	0.0	EUR	failed
INV5586	SUB4145	ACC5267	2025-09-15	0.0	USDD	PAID
INV5587	SUB3311	ACC4442	2025-07-22	362.71	INR	PAID
INV5588	SUB3565	ACC5152	2025-06-03	0.0	INR	paid
INV5589	SUB2677	ACC1661	2025-09-15	0.0	USDD	PAID
INV5590	SUB2519	ACC1751	2025-09-15	0.0	EUR	refunded
INV5591	SUB4317	ACC3157	2025-09-15	295.16	USDD	failed
INV5592	SUB3175	ACC3804	2025-09-15	0.0	INR	paid
INV5593	SUB2328	ACC3236	2025-07-19	320.97	USDD	failed
INV5594	SUB4427	ACC5537	2025-09-15	498.48	INR	refunded
INV5595	SUB3917	ACC1828	2025-09-15	222.64	INR	refunded
INV5596	SUB3244	ACC3880	2025-09-15	-6.8	USDD	PAID
INV5597	SUB3165	ACC1590	2025-09-15	6.71	USDD	refunded
INV5598	SUB2018	ACC3567	2025-08-17	479.98	EUR	failed
INV5599	SUB2452	ACC4689	2025-09-15	54.76	INR	PAID
INV5600	SUB2639	ACC1876	2025-09-15	135.52	EUR	PAID
INV5601	SUB2277	ACC4193	2025-09-15	0.0	EUR	refunded
INV5602	SUB3313	ACC2234	2025-06-16	234.5	INR	refunded
INV5603	SUB2981	ACC4925	2025-09-15	0.0	EUR	paid
INV5604	SUB4460	ACC2051	2025-09-15	309.06	INR	PAID
INV5605	SUB4552	ACC2917	2025-09-15	421.4	USDD	PAID
INV5606	SUB2500	ACC5353	2025-09-15	-3.16	EUR	PAID
INV5607	SUB2902	ACC1905	2025-09-15	0.0	EUR	refunded
INV5608	SUB3127	ACC1281	2025-09-15	246.45	USDD	failed
INV5609	SUB1943	ACC3184	2025-06-20	0.0	USDD	failed
INV5610	SUB2363	ACC4629	2025-09-15	323.41	USDD	refunded
INV5611	SUB2675	ACC4817	2025-09-15	38.02	USDD	refunded
INV5612	SUB3952	ACC1562	2025-09-15	130.22	INR	paid
INV5613	SUB4241	ACC3928	2025-09-15	0.0	USD	refunded
INV5614	SUB4402	ACC3058	2025-09-15	0.0	USD	PAID
INV5615	SUB4542	ACC2671	2025-09-15	139.69	EUR	failed
INV5616	SUB4048	ACC1434	2025-09-15	-2.08	EUR	failed
INV5617	SUB4134	ACC1880	2025-07-22	0.0	USDD	PAID
INV5618	SUB3369	ACC5946	2025-08-12	0.0	EUR	refunded
INV5619	SUB4005	ACC5413	2025-09-15	100.65	USDD	PAID
INV5620	SUB4495	ACC5200	2025-06-09	362.84	USD	PAID
INV5621	SUB3946	ACC4155	2025-09-15	123.48	EUR	refunded
INV5622	SUB3447	ACC4007	2025-06-23	447.89	EUR	PAID
INV5623	SUB1936	ACC4169	2025-09-15	0.0	EUR	paid
INV5624	SUB4081	ACC3458	2025-09-15	0.0	USDD	paid
INV5625	SUB4506	ACC2046	2025-06-20	0.0	USDD	failed
INV5626	SUB3485	ACC2902	2025-06-13	0.0	INR	PAID
INV5627	SUB2191	ACC1970	2025-06-07	353.62	USDD	PAID
INV5628	SUB2675	ACC1751	2025-09-15	0.0	EUR	PAID
INV5629	SUB3206	ACC1748	2025-09-15	334.73	EUR	paid
INV5630	SUB2641	ACC2641	2025-06-09	5.83	USDD	paid
INV5631	SUB2539	ACC3443	2025-08-24	-16.03	INR	failed
INV5632	SUB3229	ACC5771	2025-07-14	-43.39	USDD	refunded
INV5633	SUB3828	ACC2094	2025-07-14	235.83	USDD	refunded
INV5634	SUB4163	ACC3412	2025-09-15	0.0	INR	refunded
INV5635	SUB1928	ACC3844	2025-06-21	0.0	USD	refunded
INV5636	SUB2968	ACC968	2025-09-15	326.36	USDD	PAID
INV5637	SUB2645	ACC5537	2025-07-10	268.07	INR	PAID
INV5638	SUB3868	ACC1777	2025-09-15	0.0	EUR	failed
INV5639	SUB3753	ACC3338	2025-09-15	0.0	USDD	refunded
INV5640	SUB4482	ACC943	2025-08-25	0.0	USDD	PAID
INV5641	SUB3479	ACC5699	2025-09-15	0.0	USD	PAID
INV5642	SUB2258	ACC2094	2025-06-25	0.0	USDD	PAID
INV5643	SUB3369	ACC2166	2025-09-15	159.84	INR	PAID
INV5644	SUB2411	ACC5262	2025-06-06	0.0	EUR	PAID
INV5645	SUB2322	ACC1392	2025-09-15	303.56	USDD	paid
INV5646	SUB4323	ACC4194	2025-08-07	0.0	USD	PAID
INV5647	SUB4267	ACC4619	2025-07-01	38.51	USDD	paid
INV5648	SUB3590	ACC4254	2025-09-15	418.0	EUR	paid
INV5649	SUB4465	ACC1449	2025-09-15	0.0	EUR	PAID
INV5650	SUB2888	ACC2635	2025-07-10	0.0	INR	PAID
INV5651	SUB3390	ACC4646	2025-06-15	252.5	INR	paid
INV5652	SUB3146	ACC4700	2025-07-05	230.13	USDD	PAID
INV5653	SUB2137	ACC5768	2025-06-27	0.0	USDD	paid
INV5654	SUB3567	ACC3181	2025-06-07	0.0	USD	refunded
INV5655	SUB4259	ACC5640	2025-06-08	186.07	EUR	failed
INV5656	SUB4024	ACC1141	2025-08-21	283.71	USD	failed
INV5657	SUB3117	ACC4879	2025-06-14	0.0	USDD	failed
INV5658	SUB4104	ACC4356	2025-09-15	0.0	INR	failed
INV5659	SUB3717	ACC4077	2025-08-30	83.28	USDD	refunded
INV5660	SUB4442	ACC5778	2025-06-08	466.58	USDD	refunded
INV5661	SUB1903	ACC3708	2025-08-20	252.73	EUR	PAID
INV5662	SUB2051	ACC1742	2025-09-15	0.0	USD	paid
INV5663	SUB4505	ACC5322	2025-08-01	432.58	EUR	failed
INV5664	SUB2595	ACC3330	2025-08-05	80.17	INR	failed
INV5665	SUB3739	ACC3093	2025-09-15	0.0	EUR	refunded
INV5666	SUB1972	ACC5291	2025-06-08	0.0	EUR	PAID
INV5667	SUB3705	ACC3921	2025-09-15	281.97	USDD	paid
INV5668	SUB2240	ACC5740	2025-09-15	0.0	USDD	PAID
INV5669	SUB2741	ACC2915	2025-07-14	0.0	USD	PAID
INV5670	SUB2025	ACC5424	2025-07-12	178.97	USD	PAID
INV5671	SUB2102	ACC2569	2025-09-15	167.49	INR	failed
INV5672	SUB3079	ACC2150	2025-07-21	0.0	INR	failed
INV5673	SUB4127	ACC3020	2025-09-15	0.0	EUR	refunded
INV5674	SUB3014	ACC4487	2025-07-02	0.0	EUR	paid
INV5675	SUB2267	ACC3213	2025-08-20	497.78	EUR	PAID
INV5676	SUB4400	ACC2374	2025-09-15	0.0	USD	PAID
INV5677	SUB3609	ACC1109	2025-06-11	0.0	USDD	refunded
INV5678	SUB2287	ACC1568	2025-07-02	0.0	INR	paid
INV5679	SUB4127	ACC1357	2025-08-01	178.8	INR	PAID
INV5680	SUB3880	ACC4832	2025-07-30	301.75	USDD	paid
INV5681	SUB2064	ACC5303	2025-08-12	246.97	USDD	failed
INV5682	SUB4394	ACC5836	2025-09-15	241.29	USDD	paid
INV5683	SUB1954	ACC5842	2025-09-15	0.0	EUR	paid
INV5684	SUB4261	ACC1715	2025-08-13	318.41	USDD	refunded
INV5685	SUB2274	ACC4332	2025-07-20	0.0	EUR	paid
INV5686	SUB3237	ACC2530	2025-07-01	-38.78	INR	PAID
INV5687	SUB2229	ACC4871	2025-08-22	0.0	INR	refunded
INV5688	SUB1958	ACC1789	2025-09-15	468.49	USD	refunded
INV5689	SUB2666	ACC5728	2025-09-15	29.49	INR	refunded
INV5690	SUB2984	ACC2554	2025-09-15	285.04	EUR	paid
INV5691	SUB2608	ACC3376	2025-06-19	27.58	EUR	paid
INV5692	SUB2793	ACC4175	2025-07-28	0.0	USDD	paid
INV5693	SUB2945	ACC4861	2025-09-15	113.96	USD	paid
INV5694	SUB2395	ACC1151	2025-09-15	450.17	USDD	PAID
INV5695	SUB3459	ACC4836	2025-09-15	63.35	INR	failed
INV5696	SUB2892	ACC3772	2025-09-15	231.79	USDD	paid
INV5697	SUB2185	ACC1502	2025-07-17	0.0	USD	failed
INV5698	SUB3504	ACC2641	2025-09-15	-36.77	INR	paid
INV5699	SUB2803	ACC2893	2025-09-15	3.63	USDD	failed
INV5700	SUB3860	ACC5457	2025-09-15	0.0	USDD	failed
INV5701	SUB3589	ACC2276	2025-07-02	0.0	EUR	PAID
INV5702	SUB1915	ACC2282	2025-07-11	52.6	USDD	failed
INV5703	SUB3744	ACC2005	2025-09-15	-35.67	INR	paid
INV5704	SUB1966	ACC5712	2025-09-15	-5.29	USD	failed
INV5705	SUB4228	ACC2842	2025-09-15	0.0	INR	PAID
INV5706	SUB3816	ACC5467	2025-09-15	0.0	INR	paid
INV5707	SUB3709	ACC1424	2025-06-20	72.21	INR	refunded
INV5708	SUB2611	ACC2265	2025-09-15	355.03	EUR	paid
INV5709	SUB2894	ACC2786	2025-08-09	0.0	EUR	refunded
INV5710	SUB3437	ACC911	2025-06-18	277.93	INR	PAID
INV5711	SUB4530	ACC2396	2025-06-03	0.0	EUR	paid
INV5712	SUB1981	ACC2310	2025-09-15	276.7	USDD	paid
INV5713	SUB3682	ACC2227	2025-06-21	0.0	INR	refunded
INV5714	SUB2846	ACC4942	2025-08-17	0.0	USDD	failed
INV5715	SUB3898	ACC4288	2025-06-22	0.0	USDD	failed
INV5716	SUB4499	ACC2427	2025-09-15	0.0	USDD	PAID
INV5717	SUB2959	ACC5400	2025-07-20	471.76	INR	failed
INV5718	SUB1932	ACC2792	2025-09-15	0.0	USD	refunded
INV5719	SUB2916	ACC1472	2025-08-16	0.0	INR	failed
INV5720	SUB4407	ACC3914	2025-06-22	0.0	USD	refunded
INV5721	SUB2667	ACC5288	2025-08-20	0.0	USDD	failed
INV5722	SUB3955	ACC966	2025-09-15	31.72	USD	paid
INV5723	SUB3074	ACC1642	2025-09-15	0.0	INR	PAID
INV5724	SUB2971	ACC5326	2025-08-23	53.56	USD	PAID
INV5725	SUB1961	ACC2857	2025-07-26	0.0	EUR	failed
INV5726	SUB3385	ACC5960	2025-06-25	353.55	USDD	paid
INV5727	SUB3643	ACC5420	2025-09-15	295.3	USDD	failed
INV5728	SUB2485	ACC3114	2025-09-15	0.0	INR	refunded
INV5729	SUB3585	ACC1896	2025-09-15	311.24	EUR	refunded
INV5730	SUB4600	ACC3720	2025-09-15	0.0	INR	PAID
INV5731	SUB4337	ACC2421	2025-09-15	0.0	INR	PAID
INV5732	SUB2303	ACC4584	2025-06-21	0.0	INR	refunded
INV5733	SUB3941	ACC922	2025-09-15	119.03	EUR	PAID
INV5734	SUB2022	ACC2157	2025-09-15	454.25	USD	PAID
INV5735	SUB2166	ACC1781	2025-09-15	229.77	EUR	failed
INV5736	SUB3361	ACC5064	2025-07-07	-15.92	INR	refunded
INV5737	SUB4116	ACC5848	2025-09-15	94.18	EUR	refunded
INV5738	SUB2614	ACC2083	2025-07-25	183.47	EUR	failed
INV5739	SUB2390	ACC4783	2025-09-15	402.76	USDD	PAID
INV5740	SUB3716	ACC5136	2025-08-17	0.0	USDD	refunded
INV5741	SUB3661	ACC4620	2025-09-15	0.0	EUR	PAID
INV5742	SUB4181	ACC4769	2025-09-15	0.0	USD	paid
INV5743	SUB4036	ACC5982	2025-08-22	105.23	USDD	paid
INV5744	SUB3675	ACC2530	2025-09-15	0.0	EUR	PAID
INV5745	SUB3713	ACC2634	2025-09-15	360.68	EUR	PAID
INV5746	SUB2168	ACC3658	2025-08-26	169.42	USDD	PAID
INV5747	SUB2446	ACC1276	2025-08-03	471.12	USD	PAID
INV5748	SUB3159	ACC5710	2025-09-15	0.0	EUR	refunded
INV5749	SUB2264	ACC2914	2025-08-23	103.83	EUR	failed
INV5750	SUB2198	ACC3239	2025-07-31	98.27	INR	failed
INV5751	SUB3303	ACC2990	2025-09-15	354.76	INR	failed
INV5752	SUB3153	ACC2684	2025-07-20	139.92	USDD	failed
INV5753	SUB2046	ACC3756	2025-06-07	88.15	INR	refunded
INV5754	SUB4443	ACC2021	2025-08-05	0.0	EUR	failed
INV5755	SUB3344	ACC2009	2025-09-15	0.0	USD	refunded
INV5756	SUB4359	ACC4820	2025-07-07	77.42	USDD	paid
INV5757	SUB2860	ACC1978	2025-06-29	74.68	USDD	PAID
INV5758	SUB4305	ACC2144	2025-08-09	477.15	USDD	paid
INV5759	SUB2047	ACC3891	2025-09-15	0.0	USD	paid
INV5760	SUB2287	ACC2204	2025-08-08	214.77	INR	paid
INV5761	SUB2540	ACC4543	2025-09-15	57.96	INR	failed
INV5762	SUB2379	ACC1657	2025-09-15	0.0	EUR	refunded
INV5763	SUB4572	ACC4194	2025-08-03	152.47	USDD	PAID
INV5764	SUB3016	ACC4061	2025-09-15	0.0	INR	PAID
INV5765	SUB4254	ACC4071	2025-09-15	461.82	INR	failed
INV5766	SUB3481	ACC4896	2025-08-14	257.28	USDD	paid
INV5767	SUB2201	ACC2552	2025-09-15	0.0	EUR	paid
INV5768	SUB2852	ACC2895	2025-08-26	0.0	USD	PAID
INV5769	SUB3071	ACC3521	2025-06-29	443.36	INR	PAID
INV5770	SUB4386	ACC1632	2025-06-02	352.27	USDD	paid
INV5771	SUB3557	ACC1481	2025-09-15	343.84	USDD	PAID
INV5772	SUB3698	ACC1328	2025-09-15	105.42	EUR	paid
INV5773	SUB3211	ACC4841	2025-07-11	110.04	USDD	failed
INV5774	SUB3504	ACC1081	2025-09-15	0.0	EUR	refunded
INV5775	SUB3900	ACC3200	2025-09-15	0.0	INR	refunded
INV5776	SUB3088	ACC1512	2025-06-23	123.79	EUR	refunded
INV5777	SUB3306	ACC2084	2025-09-15	63.09	USDD	paid
INV5778	SUB3928	ACC4822	2025-07-27	105.34	USD	paid
INV5779	SUB1942	ACC4149	2025-06-20	0.0	USD	PAID
INV5780	SUB3550	ACC1919	2025-09-15	0.0	USD	PAID
INV5781	SUB4341	ACC1386	2025-07-14	496.87	EUR	paid
INV5782	SUB2133	ACC5816	2025-06-17	291.65	INR	failed
INV5783	SUB2379	ACC4028	2025-07-21	0.0	USDD	failed
INV5784	SUB4414	ACC5167	2025-08-16	0.0	USDD	paid
INV5785	SUB4475	ACC4352	2025-07-28	287.26	EUR	failed
INV5786	SUB4029	ACC2171	2025-08-23	325.91	EUR	failed
INV5787	SUB2881	ACC3963	2025-09-15	0.0	EUR	PAID
INV5788	SUB2052	ACC3629	2025-09-15	-34.53	USDD	failed
INV5789	SUB2089	ACC4252	2025-09-15	0.0	USDD	PAID
INV5790	SUB3894	ACC4710	2025-09-15	17.55	INR	failed
INV5791	SUB4369	ACC4966	2025-06-12	0.0	EUR	failed
INV5792	SUB4428	ACC3641	2025-09-15	0.0	EUR	PAID
INV5793	SUB3806	ACC1049	2025-07-10	0.0	INR	paid
INV5794	SUB1909	ACC2683	2025-09-15	0.0	EUR	paid
INV5795	SUB2261	ACC3796	2025-08-17	144.24	USD	refunded
INV5796	SUB4082	ACC2620	2025-07-04	0.0	INR	failed
INV5797	SUB3253	ACC3589	2025-09-15	453.52	USDD	refunded
INV5798	SUB2795	ACC4596	2025-07-06	375.73	EUR	refunded
INV5799	SUB3857	ACC5575	2025-07-17	0.0	INR	failed
INV5800	SUB4540	ACC3899	2025-09-15	368.26	USDD	paid
INV5801	SUB2966	ACC2405	2025-06-30	91.97	USD	failed
INV5802	SUB4248	ACC3462	2025-08-06	0.0	EUR	failed
INV5803	SUB3044	ACC3419	2025-09-15	0.0	EUR	refunded
INV5804	SUB4559	ACC2399	2025-09-15	296.68	EUR	PAID
INV5805	SUB4286	ACC3634	2025-06-13	431.08	USD	paid
INV5806	SUB3682	ACC2163	2025-09-15	24.59	USD	PAID
INV5807	SUB2817	ACC3654	2025-07-25	0.0	USDD	paid
INV5808	SUB4546	ACC3392	2025-06-27	387.23	EUR	refunded
INV5809	SUB2757	ACC1049	2025-09-15	0.0	INR	PAID
INV5810	SUB2755	ACC5766	2025-09-15	0.0	USD	refunded
INV5811	SUB3353	ACC1264	2025-09-15	0.0	USD	refunded
INV5812	SUB2873	ACC3495	2025-09-15	0.0	USDD	paid
INV5813	SUB3804	ACC2224	2025-09-15	0.0	USDD	failed
INV5814	SUB3842	ACC2487	2025-07-06	2.91	USDD	PAID
INV5815	SUB2722	ACC4734	2025-06-26	0.0	INR	PAID
INV5816	SUB4086	ACC5649	2025-09-15	32.58	INR	refunded
INV5817	SUB2105	ACC5562	2025-06-03	0.0	USDD	failed
INV5818	SUB3227	ACC4697	2025-06-19	491.76	EUR	failed
INV5819	SUB2027	ACC2796	2025-07-12	0.0	INR	paid
INV5820	SUB3396	ACC2806	2025-09-15	377.79	USD	PAID
INV5821	SUB3038	ACC4669	2025-09-15	0.0	USD	failed
INV5822	SUB2710	ACC4991	2025-09-15	0.0	USD	paid
INV5823	SUB2435	ACC1470	2025-09-15	0.0	USD	failed
INV5824	SUB2610	ACC2266	2025-08-19	0.0	USD	refunded
INV5825	SUB2598	ACC3492	2025-08-18	279.82	USDD	PAID
INV5826	SUB4365	ACC5079	2025-09-15	0.0	USDD	paid
INV5827	SUB1946	ACC4179	2025-09-15	397.82	USD	PAID
INV5828	SUB3921	ACC3628	2025-09-15	327.12	EUR	failed
INV5829	SUB4205	ACC2710	2025-07-08	0.0	USDD	paid
INV5830	SUB3800	ACC1055	2025-07-09	0.0	USDD	refunded
INV5831	SUB2424	ACC4771	2025-06-19	482.55	EUR	refunded
INV5832	SUB4327	ACC5024	2025-08-18	453.54	USDD	paid
INV5833	SUB2350	ACC4437	2025-09-15	0.0	INR	paid
INV5834	SUB3521	ACC5883	2025-08-25	68.34	EUR	refunded
INV5835	SUB2021	ACC5333	2025-09-15	236.48	USD	refunded
INV5836	SUB2081	ACC2037	2025-09-15	299.87	EUR	paid
INV5837	SUB4204	ACC1729	2025-09-15	0.0	INR	paid
INV5838	SUB3580	ACC2002	2025-09-15	0.0	INR	PAID
INV5839	SUB2143	ACC4579	2025-06-15	412.46	EUR	failed
INV5840	SUB1988	ACC2115	2025-09-15	373.73	EUR	paid
INV5841	SUB3215	ACC2658	2025-09-15	135.23	USD	failed
INV5842	SUB2925	ACC5593	2025-09-15	0.0	INR	failed
INV5843	SUB2815	ACC2086	2025-07-05	487.03	EUR	paid
INV5844	SUB2387	ACC5196	2025-07-08	370.39	EUR	refunded
INV5845	SUB3206	ACC1439	2025-09-15	0.0	EUR	PAID
INV5846	SUB3090	ACC5919	2025-09-15	-40.9	EUR	refunded
INV5847	SUB3283	ACC3995	2025-09-15	147.62	USDD	refunded
INV5848	SUB2527	ACC1801	2025-07-07	0.0	USDD	refunded
INV5849	SUB4223	ACC3394	2025-06-11	0.0	USD	PAID
INV5850	SUB3219	ACC3366	2025-09-15	239.37	EUR	refunded
INV5851	SUB2129	ACC5936	2025-09-15	0.0	USD	paid
INV5852	SUB4063	ACC4537	2025-08-19	191.07	USD	PAID
INV5853	SUB2274	ACC5408	2025-06-04	452.42	INR	refunded
INV5854	SUB3669	ACC4706	2025-09-15	0.0	EUR	refunded
INV5855	SUB4437	ACC2188	2025-09-15	0.0	USD	PAID
INV5856	SUB3679	ACC3547	2025-06-28	0.0	EUR	PAID
INV5857	SUB3911	ACC3870	2025-08-25	424.35	INR	paid
INV5858	SUB3936	ACC3322	2025-06-14	38.81	USDD	failed
INV5859	SUB3593	ACC999	2025-09-15	127.13	EUR	failed
INV5860	SUB2436	ACC1794	2025-08-09	300.71	INR	paid
INV5861	SUB3896	ACC5719	2025-09-15	0.0	EUR	paid
INV5862	SUB3880	ACC1479	2025-09-15	175.76	USD	failed
INV5863	SUB3253	ACC1801	2025-07-30	309.79	EUR	paid
INV5864	SUB2912	ACC5562	2025-09-15	0.0	USDD	failed
INV5865	SUB2115	ACC4591	2025-06-19	0.0	USDD	PAID
INV5866	SUB2617	ACC2849	2025-09-15	147.39	USDD	failed
INV5867	SUB2007	ACC1690	2025-08-04	227.13	USD	failed
INV5868	SUB4045	ACC4486	2025-09-15	36.7	INR	paid
INV5869	SUB3351	ACC3315	2025-09-15	0.0	USDD	failed
INV5870	SUB2541	ACC2435	2025-07-26	336.19	EUR	paid
INV5871	SUB4392	ACC1458	2025-08-13	207.6	USD	failed
INV5872	SUB3896	ACC4693	2025-07-29	0.0	USDD	PAID
INV5873	SUB4024	ACC3599	2025-09-15	0.0	USD	failed
INV5874	SUB2228	ACC4590	2025-09-15	0.0	INR	paid
INV5875	SUB3315	ACC3993	2025-09-15	0.0	INR	failed
INV5876	SUB3100	ACC5265	2025-06-07	458.94	USD	paid
INV5877	SUB2641	ACC5945	2025-09-15	0.0	INR	PAID
INV5878	SUB2675	ACC3560	2025-09-15	0.0	USD	refunded
INV5879	SUB4469	ACC5577	2025-06-08	0.0	INR	failed
INV5880	SUB3941	ACC3448	2025-09-15	0.0	INR	refunded
INV5881	SUB2764	ACC1450	2025-07-28	80.81	USDD	refunded
INV5882	SUB2306	ACC2154	2025-09-15	197.99	USDD	failed
INV5883	SUB2699	ACC4582	2025-06-03	279.48	USD	failed
INV5884	SUB4384	ACC1580	2025-08-01	411.27	USDD	PAID
INV5885	SUB2304	ACC3776	2025-07-21	140.93	USD	PAID
INV5886	SUB3112	ACC2384	2025-06-15	258.2	USD	failed
INV5887	SUB2601	ACC4853	2025-07-02	59.9	USDD	paid
INV5888	SUB4093	ACC1665	2025-09-15	0.0	EUR	PAID
INV5889	SUB4573	ACC3084	2025-07-18	258.68	USD	PAID
INV5890	SUB4167	ACC3474	2025-09-15	187.64	INR	PAID
INV5891	SUB4152	ACC3498	2025-06-12	0.0	INR	PAID
INV5892	SUB4358	ACC2117	2025-09-15	38.41	USD	failed
INV5893	SUB4439	ACC1879	2025-07-06	25.89	USD	paid
INV5894	SUB2315	ACC4913	2025-06-04	0.0	USDD	failed
INV5895	SUB3849	ACC3351	2025-09-15	0.0	USD	failed
INV5896	SUB2090	ACC4992	2025-09-15	372.41	USD	PAID
INV5897	SUB2831	ACC1920	2025-09-15	232.95	USD	PAID
INV5898	SUB3860	ACC1816	2025-09-15	0.0	USD	PAID
INV5899	SUB3475	ACC1316	2025-09-15	0.0	INR	refunded
INV5900	SUB2457	ACC3250	2025-09-15	0.0	INR	refunded
INV5901	SUB2809	ACC5012	2025-09-15	123.9	USDD	refunded
INV5902	SUB2627	ACC4942	2025-09-15	0.0	EUR	paid
INV5903	SUB3305	ACC3921	2025-09-15	0.0	EUR	failed
INV5904	SUB2262	ACC1544	2025-06-14	0.0	USD	PAID
INV5905	SUB2778	ACC3343	2025-09-15	0.0	USDD	paid
INV5906	SUB1905	ACC3266	2025-09-15	227.67	USDD	failed
INV5907	SUB3139	ACC2346	2025-08-14	63.3	USDD	paid
INV5908	SUB1967	ACC3618	2025-06-13	0.0	EUR	PAID
INV5909	SUB2620	ACC3582	2025-09-15	14.58	USD	paid
INV5910	SUB4468	ACC3005	2025-09-15	0.0	INR	failed
INV5911	SUB3591	ACC1831	2025-09-15	207.22	USD	PAID
INV5912	SUB2414	ACC4768	2025-07-05	82.61	USD	paid
INV5913	SUB3620	ACC1679	2025-06-11	0.0	EUR	PAID
INV5914	SUB3061	ACC5320	2025-06-01	0.0	EUR	failed
INV5915	SUB3206	ACC5131	2025-09-15	278.61	EUR	refunded
INV5916	SUB3502	ACC1410	2025-07-11	166.2	INR	refunded
INV5917	SUB3224	ACC4468	2025-09-15	363.98	INR	PAID
INV5918	SUB4546	ACC3548	2025-08-22	419.77	INR	failed
INV5919	SUB3000	ACC2023	2025-09-15	166.36	EUR	failed
INV5920	SUB3287	ACC4806	2025-09-15	0.0	EUR	refunded
INV5921	SUB4317	ACC5944	2025-08-12	0.0	USDD	PAID
INV5922	SUB2504	ACC4740	2025-09-15	34.76	EUR	PAID
INV5923	SUB3772	ACC1502	2025-06-28	0.0	USDD	refunded
INV5924	SUB2115	ACC5223	2025-07-16	474.98	USDD	paid
INV5925	SUB3984	ACC5200	2025-09-15	0.0	EUR	paid
INV5926	SUB3499	ACC3295	2025-08-21	330.97	USD	paid
INV5927	SUB4051	ACC2283	2025-09-15	0.0	EUR	paid
INV5928	SUB2234	ACC2023	2025-09-15	0.0	USDD	failed
INV5929	SUB2671	ACC2925	2025-09-15	0.0	EUR	PAID
INV5930	SUB3620	ACC5758	2025-08-22	206.82	USDD	paid
INV5931	SUB3250	ACC2775	2025-09-15	-16.2	EUR	PAID
INV5932	SUB2831	ACC5841	2025-09-15	354.03	INR	failed
INV5933	SUB3571	ACC2954	2025-09-15	342.18	INR	refunded
INV5934	SUB3295	ACC2375	2025-06-07	380.3	USDD	PAID
INV5935	SUB2409	ACC2429	2025-09-15	0.0	USDD	paid
INV5936	SUB3977	ACC2927	2025-08-13	0.0	INR	PAID
INV5937	SUB2096	ACC1026	2025-09-15	337.83	USDD	PAID
INV5938	SUB4013	ACC3771	2025-09-15	92.05	INR	refunded
INV5939	SUB4261	ACC2790	2025-09-15	0.0	USDD	paid
INV5940	SUB1920	ACC1927	2025-06-17	0.0	USDD	refunded
INV5941	SUB3497	ACC3874	2025-09-15	0.0	INR	PAID
INV5942	SUB2445	ACC4779	2025-06-25	77.46	EUR	failed
INV5943	SUB3077	ACC2851	2025-09-15	0.0	INR	failed
INV5944	SUB3507	ACC5923	2025-09-15	212.66	USD	PAID
INV5945	SUB4533	ACC5887	2025-09-15	158.89	EUR	failed
INV5946	SUB3883	ACC4106	2025-07-07	156.97	INR	paid
INV5947	SUB2393	ACC4656	2025-06-14	135.97	INR	PAID
INV5948	SUB3148	ACC5145	2025-09-15	380.92	INR	PAID
INV5949	SUB4496	ACC1324	2025-07-28	282.95	USD	refunded
INV5950	SUB3337	ACC3126	2025-09-15	-48.73	USDD	paid
INV5951	SUB2125	ACC4877	2025-09-15	267.17	INR	paid
INV5952	SUB3543	ACC1702	2025-09-15	49.48	EUR	paid
INV5953	SUB3767	ACC3778	2025-06-07	0.0	INR	PAID
INV5954	SUB4321	ACC4330	2025-08-04	-43.41	USD	failed
INV5955	SUB2568	ACC3022	2025-09-15	72.3	USD	refunded
INV5956	SUB4409	ACC3539	2025-09-15	64.97	EUR	refunded
INV5957	SUB4497	ACC4243	2025-07-15	0.0	USD	refunded
INV5958	SUB2899	ACC4574	2025-09-15	0.0	USDD	failed
INV5959	SUB3617	ACC1311	2025-09-15	333.85	INR	paid
INV5960	SUB3420	ACC1551	2025-08-20	0.0	EUR	failed
INV5961	SUB4215	ACC3960	2025-09-15	486.84	EUR	failed
INV5962	SUB2803	ACC1910	2025-07-08	180.23	USDD	paid
INV5963	SUB4599	ACC4732	2025-09-15	255.66	INR	refunded
INV5964	SUB2429	ACC2916	2025-06-20	0.0	USDD	paid
INV5965	SUB2476	ACC2678	2025-08-01	0.0	INR	PAID
INV5966	SUB4058	ACC4832	2025-08-28	474.09	INR	refunded
INV5967	SUB2192	ACC2783	2025-07-13	0.0	USDD	paid
INV5968	SUB4188	ACC4948	2025-09-15	0.0	USDD	failed
INV5969	SUB4422	ACC2666	2025-07-10	0.0	USDD	failed
INV5970	SUB2022	ACC1974	2025-09-15	39.9	INR	paid
INV5971	SUB2385	ACC3024	2025-08-24	83.32	EUR	paid
INV5972	SUB2766	ACC5189	2025-09-15	266.15	INR	failed
INV5973	SUB3041	ACC5874	2025-06-18	0.0	USD	PAID
INV5974	SUB3529	ACC2427	2025-09-15	410.73	USD	failed
INV5975	SUB4561	ACC955	2025-08-25	176.48	INR	paid
INV5976	SUB2833	ACC5926	2025-09-15	21.17	USD	PAID
INV5977	SUB4411	ACC1203	2025-06-26	9.29	USD	paid
INV5978	SUB2594	ACC900	2025-09-15	462.54	INR	paid
INV5979	SUB2183	ACC4313	2025-09-15	487.34	INR	paid
INV5980	SUB4379	ACC5917	2025-09-15	0.0	USDD	paid
INV5981	SUB2203	ACC2773	2025-06-23	136.02	EUR	paid
INV5982	SUB2961	ACC5691	2025-06-22	442.04	EUR	failed
INV5983	SUB3403	ACC5894	2025-08-17	0.0	EUR	PAID
INV5984	SUB2581	ACC3112	2025-08-16	442.53	USD	PAID
INV5985	SUB3201	ACC2263	2025-09-15	421.45	USD	PAID
INV5986	SUB2453	ACC2964	2025-08-19	167.8	USD	failed
INV5987	SUB3354	ACC3253	2025-09-15	0.0	USDD	PAID
INV5988	SUB3398	ACC1429	2025-09-15	0.0	EUR	failed
INV5989	SUB4267	ACC1825	2025-08-29	0.0	INR	PAID
INV5990	SUB3098	ACC3017	2025-06-10	-47.57	INR	paid
INV5991	SUB2795	ACC5489	2025-06-17	80.91	EUR	failed
INV5992	SUB3167	ACC2549	2025-09-15	0.0	EUR	paid
INV5993	SUB4330	ACC1264	2025-09-15	0.0	INR	paid
INV5994	SUB3502	ACC4230	2025-09-15	0.0	USD	refunded
INV5995	SUB3796	ACC1670	2025-07-15	331.93	USD	failed
INV5996	SUB4053	ACC5023	2025-09-15	267.97	INR	refunded
INV5997	SUB3258	ACC3586	2025-08-08	211.42	EUR	paid
INV5998	SUB2703	ACC4896	2025-09-15	97.4	USD	paid
INV5999	SUB1915	ACC3594	2025-09-15	210.74	EUR	PAID
INV6000	SUB2954	ACC5890	2025-09-15	23.89	USD	PAID
INV6001	SUB4285	ACC4231	2025-08-15	0.0	USDD	PAID
INV6002	SUB4278	ACC2816	2025-09-15	290.84	INR	PAID
INV6003	SUB2412	ACC1953	2025-08-13	0.0	EUR	PAID
INV6004	SUB2036	ACC3850	2025-09-15	276.47	INR	PAID
INV6005	SUB3206	ACC5242	2025-06-11	0.0	INR	refunded
INV6006	SUB3781	ACC3847	2025-09-15	0.0	EUR	PAID
INV6007	SUB4235	ACC5331	2025-06-25	337.19	USD	failed
INV6008	SUB2588	ACC5147	2025-07-15	0.0	USD	PAID
INV6009	SUB4057	ACC2821	2025-08-12	155.19	USD	refunded
INV6010	SUB3377	ACC4605	2025-06-21	467.84	EUR	failed
INV6011	SUB3545	ACC1202	2025-09-15	0.0	EUR	failed
INV6012	SUB2147	ACC5929	2025-07-23	24.83	EUR	refunded
INV6013	SUB4162	ACC2443	2025-07-30	345.5	INR	refunded
INV6014	SUB3560	ACC4863	2025-09-15	213.77	EUR	failed
INV6015	SUB4324	ACC3283	2025-09-15	333.51	INR	PAID
INV6016	SUB3828	ACC2814	2025-06-19	292.52	EUR	PAID
INV6017	SUB2062	ACC1821	2025-07-18	217.2	EUR	paid
INV6018	SUB3689	ACC5735	2025-09-15	389.07	INR	paid
INV6019	SUB4104	ACC5247	2025-09-15	0.0	USDD	refunded
INV6020	SUB2240	ACC3962	2025-08-22	0.0	INR	refunded
INV6021	SUB4391	ACC5488	2025-09-15	14.36	USDD	PAID
INV6022	SUB2907	ACC5091	2025-07-08	0.0	USD	failed
INV6023	SUB2152	ACC2495	2025-09-15	0.0	INR	refunded
INV6024	SUB2702	ACC5794	2025-07-11	0.0	USDD	paid
INV6025	SUB1912	ACC4321	2025-09-15	417.44	EUR	failed
INV6026	SUB3384	ACC5551	2025-07-15	0.0	USDD	paid
INV6027	SUB3725	ACC1608	2025-06-04	465.22	EUR	paid
INV6028	SUB2817	ACC2012	2025-06-15	0.0	EUR	failed
INV6029	SUB3923	ACC3025	2025-09-15	0.0	USDD	paid
INV6030	SUB2463	ACC4096	2025-09-15	435.24	USD	PAID
INV6031	SUB2803	ACC5063	2025-09-15	0.0	EUR	failed
INV6032	SUB2829	ACC5987	2025-07-28	0.0	EUR	PAID
INV6033	SUB2102	ACC5792	2025-09-15	0.0	EUR	paid
INV6034	SUB1916	ACC3766	2025-09-15	0.0	USD	paid
INV6035	SUB4074	ACC1534	2025-09-15	0.0	INR	paid
INV6036	SUB3395	ACC2547	2025-07-27	-15.92	EUR	refunded
INV6037	SUB2873	ACC3129	2025-09-15	0.0	USD	paid
INV6038	SUB3207	ACC2295	2025-08-05	0.0	INR	PAID
INV6039	SUB2400	ACC3469	2025-09-15	386.75	EUR	refunded
INV6040	SUB3550	ACC5994	2025-09-15	282.8	USDD	failed
INV6041	SUB4063	ACC5962	2025-09-15	229.92	EUR	PAID
INV6042	SUB3444	ACC5570	2025-08-05	407.43	INR	refunded
INV6043	SUB3727	ACC4199	2025-06-26	0.0	INR	failed
INV6044	SUB4203	ACC2360	2025-08-16	443.55	EUR	refunded
INV6045	SUB3388	ACC1574	2025-09-15	167.41	USDD	failed
INV6046	SUB3697	ACC2187	2025-07-26	0.0	USD	PAID
INV6047	SUB3653	ACC1058	2025-06-16	272.37	USD	PAID
INV6048	SUB3356	ACC1293	2025-06-11	101.28	INR	paid
INV6049	SUB2755	ACC3456	2025-08-29	0.0	USD	PAID
INV6050	SUB2367	ACC2542	2025-09-15	214.19	USDD	refunded
INV6051	SUB1990	ACC3044	2025-07-13	99.44	USD	PAID
INV6052	SUB3555	ACC3333	2025-09-15	0.0	EUR	paid
INV6053	SUB2211	ACC2117	2025-09-15	14.83	INR	refunded
INV6054	SUB2711	ACC1897	2025-07-16	0.0	USD	failed
INV6055	SUB2500	ACC1434	2025-08-08	347.85	EUR	failed
INV6056	SUB3025	ACC971	2025-09-15	0.0	INR	failed
INV6057	SUB4074	ACC2890	2025-06-25	173.9	EUR	refunded
INV6058	SUB4548	ACC1988	2025-09-15	119.53	EUR	paid
INV6059	SUB2705	ACC2626	2025-09-15	182.64	EUR	failed
INV6060	SUB2404	ACC5509	2025-09-15	389.92	USDD	refunded
INV6061	SUB2773	ACC5093	2025-09-15	357.16	USDD	PAID
INV6062	SUB2866	ACC1821	2025-07-18	127.63	USD	PAID
INV6063	SUB3500	ACC5688	2025-09-15	466.13	INR	paid
INV6064	SUB3939	ACC4781	2025-06-22	0.0	EUR	PAID
INV6065	SUB3781	ACC3863	2025-09-15	0.0	USD	refunded
INV6066	SUB4580	ACC2898	2025-08-30	0.0	EUR	failed
INV6067	SUB3241	ACC1056	2025-09-15	425.16	EUR	paid
INV6068	SUB2557	ACC3553	2025-09-15	361.29	USDD	paid
INV6069	SUB3512	ACC3993	2025-09-15	0.0	USDD	PAID
INV6070	SUB4010	ACC5795	2025-09-15	343.4	EUR	PAID
INV6071	SUB2116	ACC1680	2025-06-10	0.0	EUR	PAID
INV6072	SUB1949	ACC3525	2025-09-15	0.0	USD	refunded
INV6073	SUB3017	ACC1631	2025-08-16	0.0	USD	refunded
INV6074	SUB3190	ACC1075	2025-07-26	73.62	EUR	refunded
INV6075	SUB4008	ACC1426	2025-06-25	-3.39	USD	paid
INV6076	SUB4263	ACC1103	2025-09-15	349.98	USD	PAID
INV6077	SUB3149	ACC3498	2025-07-16	306.84	USD	PAID
INV6078	SUB2827	ACC3615	2025-09-15	0.0	EUR	refunded
INV6079	SUB3017	ACC3826	2025-09-15	411.61	INR	PAID
INV6080	SUB3610	ACC5464	2025-09-15	0.0	INR	PAID
INV6081	SUB2444	ACC2120	2025-06-05	16.59	USDD	paid
INV6082	SUB1991	ACC2046	2025-09-15	0.0	USDD	PAID
INV6083	SUB3924	ACC4447	2025-08-07	0.0	USDD	failed
INV6084	SUB3700	ACC4556	2025-09-15	0.0	INR	failed
INV6085	SUB2324	ACC5786	2025-09-15	0.0	USD	paid
INV6086	SUB3539	ACC2245	2025-08-13	134.41	EUR	PAID
INV6087	SUB2583	ACC5605	2025-09-15	300.67	USDD	refunded
INV6088	SUB4383	ACC2945	2025-09-15	0.0	INR	paid
INV6089	SUB2787	ACC1537	2025-09-15	0.0	EUR	paid
INV6090	SUB3832	ACC1493	2025-09-15	0.0	INR	refunded
INV6091	SUB4507	ACC1324	2025-09-15	449.9	EUR	refunded
INV6092	SUB2247	ACC1745	2025-06-17	0.0	USDD	failed
INV6093	SUB4549	ACC5349	2025-09-15	0.0	EUR	paid
INV6094	SUB3527	ACC3076	2025-07-12	0.0	USD	failed
INV6095	SUB3848	ACC3485	2025-09-15	0.0	USDD	paid
INV6096	SUB3037	ACC4835	2025-09-15	317.46	EUR	PAID
INV6097	SUB2622	ACC5453	2025-07-13	0.0	INR	PAID
INV6098	SUB2937	ACC2141	2025-09-15	66.61	INR	refunded
INV6099	SUB3831	ACC1568	2025-09-15	390.84	USDD	PAID
INV6100	SUB3898	ACC3216	2025-09-15	0.0	USD	PAID
INV6101	SUB1958	ACC1042	2025-09-15	106.3	INR	failed
INV6102	SUB3306	ACC1768	2025-09-15	0.0	USD	PAID
INV6103	SUB4469	ACC4436	2025-09-15	0.0	EUR	paid
INV6104	SUB2029	ACC4652	2025-09-15	-1.79	USDD	refunded
INV6105	SUB2530	ACC1596	2025-08-29	85.16	INR	failed
INV6106	SUB4053	ACC1348	2025-06-11	0.0	INR	failed
INV6107	SUB3759	ACC3335	2025-06-10	348.8	USD	failed
INV6108	SUB3635	ACC4499	2025-09-15	0.0	EUR	paid
INV6109	SUB3468	ACC2132	2025-09-15	0.0	EUR	paid
INV6110	SUB2558	ACC5497	2025-06-14	0.0	INR	refunded
INV6111	SUB2511	ACC2170	2025-06-02	0.0	USD	failed
INV6112	SUB1933	ACC2325	2025-08-26	139.26	USDD	paid
INV6113	SUB4367	ACC3677	2025-09-15	201.43	USD	refunded
INV6114	SUB3144	ACC1770	2025-07-20	194.32	EUR	failed
INV6115	SUB4577	ACC3724	2025-09-15	0.0	USDD	PAID
INV6116	SUB3405	ACC5289	2025-09-15	0.0	USDD	failed
INV6117	SUB1907	ACC4386	2025-08-28	0.0	USDD	PAID
INV6118	SUB2768	ACC4632	2025-06-02	0.0	USDD	paid
INV6119	SUB3859	ACC3027	2025-09-15	116.86	USDD	failed
INV6120	SUB2658	ACC3849	2025-09-15	0.0	USD	paid
INV6121	SUB4122	ACC2386	2025-07-24	286.35	USD	paid
INV6122	SUB2598	ACC4000	2025-06-23	-42.84	USD	PAID
INV6123	SUB2854	ACC5548	2025-08-26	117.89	USD	PAID
INV6124	SUB1903	ACC4607	2025-07-30	0.0	EUR	PAID
INV6125	SUB2095	ACC2452	2025-06-24	321.89	USD	failed
INV6126	SUB2924	ACC2965	2025-09-15	295.37	USDD	refunded
INV6127	SUB2639	ACC2119	2025-09-15	276.43	USD	refunded
INV6128	SUB4536	ACC1973	2025-09-15	62.69	EUR	failed
INV6129	SUB2590	ACC1642	2025-06-20	-12.3	USDD	failed
INV6130	SUB2459	ACC4154	2025-07-13	0.0	USD	paid
INV6131	SUB4346	ACC3257	2025-06-18	0.0	USDD	failed
INV6132	SUB4302	ACC4566	2025-07-21	0.0	EUR	paid
INV6133	SUB4078	ACC3006	2025-09-15	0.0	USD	refunded
INV6134	SUB4007	ACC5205	2025-09-15	0.0	USDD	paid
INV6135	SUB3663	ACC5431	2025-07-29	0.0	USDD	paid
INV6136	SUB2137	ACC5365	2025-09-15	151.73	USDD	refunded
INV6137	SUB2009	ACC1323	2025-09-15	0.0	USD	refunded
INV6138	SUB2038	ACC4761	2025-09-15	420.93	USD	refunded
INV6139	SUB3159	ACC2906	2025-07-01	55.2	EUR	refunded
INV6140	SUB4321	ACC4922	2025-08-03	383.21	USD	paid
INV6141	SUB3707	ACC4554	2025-09-15	0.0	USD	failed
INV6142	SUB4006	ACC5725	2025-08-01	0.0	USDD	PAID
INV6143	SUB2137	ACC2761	2025-08-28	0.0	EUR	PAID
INV6144	SUB3024	ACC4357	2025-09-15	15.49	USD	PAID
INV6145	SUB1988	ACC3664	2025-09-15	489.73	USDD	PAID
INV6146	SUB2180	ACC1690	2025-09-15	0.0	USDD	PAID
INV6147	SUB1983	ACC2795	2025-09-15	-38.71	USDD	failed
INV6148	SUB3879	ACC3358	2025-09-15	156.33	INR	paid
INV6149	SUB4528	ACC4567	2025-09-15	42.32	EUR	refunded
INV6150	SUB4236	ACC2780	2025-09-15	0.0	USDD	paid
INV6151	SUB3708	ACC1441	2025-07-24	0.0	USD	paid
INV6152	SUB3775	ACC1534	2025-06-23	0.0	EUR	PAID
INV6153	SUB3207	ACC4214	2025-07-11	351.76	USD	PAID
INV6154	SUB3473	ACC4058	2025-06-01	192.04	EUR	PAID
INV6155	SUB2209	ACC3716	2025-09-15	170.43	USD	failed
INV6156	SUB4316	ACC2553	2025-06-28	-18.2	EUR	refunded
INV6157	SUB4518	ACC3687	2025-06-20	0.0	INR	failed
INV6158	SUB2491	ACC1661	2025-07-10	0.0	USD	failed
INV6159	SUB3485	ACC4535	2025-09-15	0.0	EUR	paid
INV6160	SUB3498	ACC2869	2025-09-15	318.3	INR	paid
INV6161	SUB3916	ACC2424	2025-07-26	69.72	INR	failed
INV6162	SUB3242	ACC1308	2025-07-20	103.26	USD	paid
INV6163	SUB2555	ACC1676	2025-08-03	245.81	USD	refunded
INV6164	SUB3332	ACC3444	2025-09-15	0.0	INR	failed
INV6165	SUB2757	ACC2355	2025-09-15	0.0	INR	failed
INV6166	SUB2476	ACC3162	2025-06-27	356.84	EUR	paid
INV6167	SUB3810	ACC5114	2025-08-28	0.0	USD	refunded
INV6168	SUB2115	ACC5328	2025-08-02	0.0	EUR	failed
INV6169	SUB2776	ACC4192	2025-09-15	4.92	USDD	failed
INV6170	SUB4001	ACC3963	2025-06-06	108.76	INR	PAID
INV6171	SUB3855	ACC5753	2025-09-15	108.26	INR	PAID
INV6172	SUB2291	ACC4540	2025-09-15	0.0	USD	paid
INV6173	SUB4031	ACC4868	2025-09-15	-0.72	USD	PAID
INV6174	SUB2674	ACC3331	2025-09-15	389.75	EUR	failed
INV6175	SUB3444	ACC2119	2025-08-02	0.0	USD	paid
INV6176	SUB3398	ACC4497	2025-09-15	0.0	EUR	failed
INV6177	SUB3814	ACC5246	2025-09-15	-29.66	INR	PAID
INV6178	SUB3432	ACC3752	2025-06-15	379.51	INR	paid
INV6179	SUB2331	ACC2360	2025-06-21	403.99	USD	failed
INV6180	SUB2991	ACC5933	2025-06-22	0.0	EUR	failed
INV6181	SUB2242	ACC2266	2025-09-15	-8.18	USD	refunded
INV6182	SUB2101	ACC4077	2025-09-15	280.64	INR	PAID
INV6183	SUB2284	ACC3114	2025-08-18	251.67	INR	refunded
INV6184	SUB2428	ACC5416	2025-09-15	244.68	USD	PAID
INV6185	SUB3157	ACC3047	2025-07-15	0.0	INR	failed
INV6186	SUB2468	ACC3330	2025-09-15	0.0	USDD	failed
INV6187	SUB4230	ACC1890	2025-07-05	0.0	USD	PAID
INV6188	SUB3234	ACC5471	2025-07-13	0.0	USD	PAID
INV6189	SUB2902	ACC3653	2025-09-15	0.0	EUR	paid
INV6190	SUB3033	ACC3393	2025-09-15	0.0	USD	PAID
INV6191	SUB2898	ACC2013	2025-07-29	0.0	USD	refunded
INV6192	SUB2267	ACC1843	2025-09-15	92.92	USDD	failed
INV6193	SUB3622	ACC5242	2025-07-04	0.0	USD	refunded
INV6194	SUB4257	ACC5519	2025-07-22	30.45	USDD	refunded
INV6195	SUB3544	ACC3969	2025-08-28	484.59	INR	PAID
INV6196	SUB4353	ACC1277	2025-09-15	300.76	USDD	PAID
INV6197	SUB4100	ACC1667	2025-06-21	-38.17	USDD	refunded
INV6198	SUB2033	ACC2335	2025-08-26	0.0	USD	paid
INV6199	SUB2920	ACC1426	2025-09-15	201.22	INR	refunded
INV6200	SUB2476	ACC2409	2025-09-15	145.57	USDD	PAID
INV6201	SUB3099	ACC5184	2025-08-28	0.0	EUR	PAID
INV6202	SUB3982	ACC1660	2025-09-15	498.52	USDD	failed
INV6203	SUB3709	ACC2890	2025-09-15	0.0	USDD	PAID
INV6204	SUB2992	ACC5454	2025-08-24	237.25	EUR	PAID
INV6205	SUB2253	ACC5827	2025-09-15	31.01	USDD	refunded
INV6206	SUB3858	ACC4452	2025-09-15	208.84	INR	paid
INV6207	SUB4456	ACC4676	2025-09-15	228.57	INR	failed
INV6208	SUB4057	ACC5315	2025-07-15	0.0	USDD	failed
INV6209	SUB3114	ACC1897	2025-09-15	108.76	INR	PAID
INV6210	SUB2184	ACC4792	2025-09-15	0.0	EUR	failed
INV6211	SUB3373	ACC4878	2025-09-15	0.0	USD	refunded
INV6212	SUB3664	ACC3857	2025-07-26	-14.15	USD	refunded
INV6213	SUB2837	ACC2196	2025-06-10	0.0	EUR	paid
INV6214	SUB3239	ACC5089	2025-09-15	0.0	INR	failed
INV6215	SUB2846	ACC5022	2025-09-15	224.69	USDD	refunded
INV6216	SUB2610	ACC3879	2025-09-15	0.0	USDD	PAID
INV6217	SUB3842	ACC1729	2025-09-15	310.74	INR	paid
INV6218	SUB4412	ACC4642	2025-09-15	9.43	EUR	refunded
INV6219	SUB3827	ACC3029	2025-09-15	400.68	USD	refunded
INV6220	SUB3152	ACC1425	2025-09-15	297.75	USDD	paid
INV6221	SUB2693	ACC964	2025-09-15	0.0	EUR	refunded
INV6222	SUB4055	ACC4172	2025-09-15	0.0	EUR	refunded
INV6223	SUB2026	ACC3003	2025-07-21	0.0	USD	failed
INV6224	SUB3844	ACC1034	2025-09-15	-34.17	USD	paid
INV6225	SUB3045	ACC1442	2025-06-11	450.96	USDD	paid
INV6226	SUB3491	ACC5220	2025-06-16	0.0	USDD	refunded
INV6227	SUB4537	ACC4171	2025-09-15	0.0	EUR	paid
INV6228	SUB3309	ACC1170	2025-07-29	435.03	USD	failed
INV6229	SUB3613	ACC932	2025-08-02	-15.79	USD	paid
INV6230	SUB3470	ACC5291	2025-07-21	362.48	USD	refunded
INV6231	SUB2568	ACC2914	2025-09-15	0.0	EUR	refunded
INV6232	SUB3330	ACC4184	2025-06-29	0.0	USD	PAID
INV6233	SUB4324	ACC3304	2025-09-15	416.06	EUR	paid
INV6234	SUB2582	ACC1412	2025-09-15	380.77	USDD	PAID
INV6235	SUB2973	ACC2934	2025-07-02	0.0	USD	failed
INV6236	SUB3824	ACC1227	2025-09-15	0.0	INR	refunded
INV6237	SUB2249	ACC4355	2025-09-15	0.0	INR	refunded
INV6238	SUB4583	ACC5136	2025-09-15	213.92	USDD	failed
INV6239	SUB3625	ACC1701	2025-09-15	156.57	USDD	paid
INV6240	SUB2957	ACC1858	2025-09-15	312.26	INR	refunded
INV6241	SUB3764	ACC1013	2025-06-02	0.0	EUR	failed
INV6242	SUB3775	ACC3636	2025-07-24	6.76	USDD	paid
INV6243	SUB2836	ACC1880	2025-08-09	0.0	USDD	paid
INV6244	SUB2270	ACC4340	2025-09-15	0.0	INR	failed
INV6245	SUB3323	ACC2944	2025-06-30	429.44	USDD	paid
INV6246	SUB4411	ACC3362	2025-09-15	0.0	INR	refunded
INV6247	SUB1914	ACC5399	2025-09-15	257.9	EUR	paid
INV6248	SUB4540	ACC3636	2025-09-15	53.99	EUR	PAID
INV6249	SUB3858	ACC2020	2025-09-15	12.4	EUR	refunded
INV6250	SUB2898	ACC3372	2025-08-14	494.36	USDD	failed
INV6251	SUB4346	ACC5369	2025-09-15	0.0	INR	refunded
INV6252	SUB4329	ACC5971	2025-07-29	0.0	INR	refunded
INV6253	SUB2680	ACC5269	2025-07-20	0.0	USD	paid
INV6254	SUB3726	ACC1173	2025-09-15	0.0	INR	failed
INV6255	SUB4055	ACC2081	2025-07-09	0.0	INR	PAID
INV6256	SUB3441	ACC5196	2025-09-15	266.32	USD	refunded
INV6257	SUB2399	ACC2792	2025-09-15	270.32	EUR	failed
INV6258	SUB4468	ACC5000	2025-07-05	0.0	EUR	failed
INV6259	SUB3475	ACC2932	2025-07-30	0.0	USD	paid
INV6260	SUB4520	ACC3013	2025-09-15	0.0	EUR	PAID
INV6261	SUB4135	ACC5208	2025-06-03	0.0	INR	paid
INV6262	SUB2404	ACC3630	2025-09-15	0.0	USD	paid
INV6263	SUB4577	ACC1216	2025-06-03	-49.37	EUR	refunded
INV6264	SUB2447	ACC4789	2025-06-30	205.09	USDD	failed
INV6265	SUB2427	ACC3188	2025-09-15	432.86	USDD	paid
INV6266	SUB2070	ACC2108	2025-09-15	0.0	INR	failed
INV6267	SUB3964	ACC1479	2025-09-15	0.0	EUR	PAID
INV6268	SUB2027	ACC1583	2025-07-21	0.0	EUR	paid
INV6269	SUB3884	ACC1973	2025-08-02	0.0	USDD	PAID
INV6270	SUB4107	ACC5039	2025-09-15	0.0	INR	failed
INV6271	SUB2256	ACC4601	2025-06-18	0.0	EUR	refunded
INV6272	SUB4167	ACC1152	2025-07-13	0.0	EUR	refunded
INV6273	SUB3988	ACC3876	2025-07-05	420.98	USDD	refunded
INV6274	SUB2906	ACC3272	2025-06-13	0.0	USD	failed
INV6275	SUB3072	ACC1353	2025-08-14	144.16	INR	refunded
INV6276	SUB2132	ACC2505	2025-09-15	0.0	USD	failed
INV6277	SUB4571	ACC4045	2025-08-22	138.64	USDD	paid
INV6278	SUB3832	ACC3943	2025-09-15	-2.22	EUR	PAID
INV6279	SUB2031	ACC1351	2025-06-13	186.1	EUR	failed
INV6280	SUB2753	ACC2169	2025-09-15	0.0	INR	refunded
INV6281	SUB2288	ACC2215	2025-09-15	308.1	USDD	PAID
INV6282	SUB3658	ACC961	2025-09-15	109.86	USD	PAID
INV6283	SUB2053	ACC4944	2025-07-15	0.0	EUR	failed
INV6284	SUB2910	ACC1621	2025-09-15	0.0	USD	refunded
INV6285	SUB3001	ACC1943	2025-06-19	432.72	USDD	failed
INV6286	SUB3347	ACC4586	2025-09-15	0.0	INR	PAID
INV6287	SUB3233	ACC3702	2025-09-15	122.34	INR	failed
INV6288	SUB2942	ACC1947	2025-07-01	298.59	INR	paid
INV6289	SUB2224	ACC3852	2025-09-15	0.0	USD	refunded
INV6290	SUB3632	ACC3938	2025-06-20	137.53	EUR	paid
INV6291	SUB4579	ACC2769	2025-09-15	0.0	INR	paid
INV6292	SUB3221	ACC4636	2025-09-15	318.1	EUR	refunded
INV6293	SUB2567	ACC1193	2025-09-15	167.03	USD	paid
INV6294	SUB4353	ACC4560	2025-08-16	495.49	USDD	PAID
INV6295	SUB4539	ACC3716	2025-06-23	0.0	USDD	paid
INV6296	SUB4594	ACC4529	2025-09-15	236.27	EUR	refunded
INV6297	SUB3312	ACC1888	2025-07-31	-33.96	INR	PAID
INV6298	SUB3632	ACC4489	2025-06-22	92.97	USD	failed
INV6299	SUB3884	ACC1951	2025-09-15	186.81	USD	paid
INV6300	SUB2264	ACC3895	2025-09-15	79.5	USD	paid
INV6301	SUB3987	ACC3091	2025-09-15	200.98	EUR	paid
INV6302	SUB2507	ACC2948	2025-09-15	0.0	USDD	refunded
INV6303	SUB4145	ACC3065	2025-09-15	288.21	USD	refunded
INV6304	SUB3210	ACC2279	2025-09-15	310.89	USDD	failed
INV6305	SUB1932	ACC3141	2025-06-18	461.15	EUR	PAID
INV6306	SUB3227	ACC958	2025-08-22	-9.98	USDD	paid
INV6307	SUB3873	ACC2748	2025-09-15	0.0	USD	PAID
INV6308	SUB3854	ACC4518	2025-06-15	0.0	USD	paid
INV6309	SUB3492	ACC2357	2025-09-15	0.0	INR	refunded
INV6310	SUB3762	ACC5913	2025-08-08	243.76	EUR	PAID
INV6311	SUB2534	ACC3527	2025-09-15	8.71	USDD	refunded
INV6312	SUB1971	ACC1767	2025-06-28	364.59	EUR	PAID
INV6313	SUB2012	ACC2857	2025-09-15	0.0	USDD	PAID
INV6314	SUB2176	ACC1253	2025-07-03	397.79	EUR	PAID
INV6315	SUB3312	ACC3443	2025-09-15	0.0	USD	paid
INV6316	SUB3207	ACC2309	2025-07-10	0.0	EUR	refunded
INV6317	SUB4006	ACC5176	2025-09-15	0.0	USDD	paid
INV6318	SUB3553	ACC4174	2025-08-27	0.0	INR	paid
INV6319	SUB2827	ACC2364	2025-08-04	32.01	INR	failed
INV6320	SUB3901	ACC3066	2025-09-15	227.97	INR	PAID
INV6321	SUB3212	ACC3355	2025-07-01	392.3	USDD	failed
INV6322	SUB1995	ACC3014	2025-06-11	0.0	EUR	refunded
INV6323	SUB2388	ACC5191	2025-08-19	109.31	USD	PAID
INV6324	SUB1981	ACC4132	2025-09-15	492.95	INR	paid
INV6325	SUB3982	ACC1944	2025-07-21	297.99	USD	failed
INV6326	SUB3820	ACC2690	2025-09-15	34.25	INR	PAID
INV6327	SUB2001	ACC2065	2025-09-15	322.7	USD	failed
INV6328	SUB3344	ACC4909	2025-08-22	0.0	USDD	failed
INV6329	SUB2403	ACC4833	2025-09-15	0.0	USDD	paid
INV6330	SUB2803	ACC4116	2025-09-15	0.0	EUR	failed
INV6331	SUB4295	ACC5120	2025-07-30	176.45	INR	PAID
INV6332	SUB2342	ACC4799	2025-07-20	-44.36	USD	refunded
INV6333	SUB3452	ACC3428	2025-09-15	0.0	USDD	refunded
INV6334	SUB4034	ACC2118	2025-09-15	124.52	EUR	paid
INV6335	SUB4137	ACC2898	2025-08-01	360.12	USD	refunded
INV6336	SUB3915	ACC2862	2025-08-14	467.27	EUR	PAID
INV6337	SUB2308	ACC3992	2025-08-03	0.0	USDD	failed
INV6338	SUB2256	ACC1425	2025-08-18	0.0	USD	PAID
INV6339	SUB2290	ACC1420	2025-09-15	0.0	USDD	paid
INV6340	SUB2322	ACC3952	2025-09-15	0.0	INR	failed
INV6341	SUB4538	ACC4445	2025-07-30	0.0	USDD	paid
INV6342	SUB2736	ACC2035	2025-09-15	345.96	USDD	PAID
INV6343	SUB3474	ACC2357	2025-07-23	0.0	USD	failed
INV6344	SUB4132	ACC2612	2025-08-05	0.0	USDD	PAID
INV6345	SUB2774	ACC3676	2025-06-05	21.69	INR	PAID
INV6346	SUB4595	ACC2706	2025-06-03	94.78	USDD	refunded
INV6347	SUB3988	ACC5246	2025-06-17	427.76	EUR	refunded
INV6348	SUB3617	ACC4728	2025-09-15	323.62	USD	paid
INV6349	SUB3008	ACC4863	2025-09-15	357.9	USDD	failed
INV6350	SUB2609	ACC1306	2025-09-15	245.73	USD	paid
INV6351	SUB3377	ACC1512	2025-09-15	0.0	EUR	failed
INV6352	SUB1979	ACC4236	2025-09-15	0.0	INR	failed
INV6353	SUB4467	ACC5276	2025-07-25	372.88	EUR	refunded
INV6354	SUB4310	ACC5165	2025-08-09	490.35	EUR	paid
INV6355	SUB2187	ACC4128	2025-09-15	152.61	INR	paid
INV6356	SUB3796	ACC3052	2025-07-15	0.0	EUR	PAID
INV6357	SUB3509	ACC4329	2025-09-15	0.0	USD	failed
INV6358	SUB2884	ACC3834	2025-09-15	227.88	USD	refunded
INV6359	SUB2450	ACC4571	2025-09-15	0.0	USD	failed
INV6360	SUB2051	ACC4623	2025-09-15	0.0	USDD	failed
INV6361	SUB4448	ACC4294	2025-08-21	399.33	USD	refunded
INV6362	SUB4498	ACC3655	2025-09-15	0.0	EUR	failed
INV6363	SUB4350	ACC5665	2025-08-10	0.0	EUR	paid
INV6364	SUB3686	ACC1863	2025-09-15	0.0	USD	PAID
INV6365	SUB2388	ACC5927	2025-09-15	428.41	USD	PAID
INV6366	SUB2170	ACC4270	2025-08-20	96.84	USD	refunded
INV6367	SUB3295	ACC4028	2025-07-15	0.0	INR	failed
INV6368	SUB2042	ACC4527	2025-09-15	0.0	USD	PAID
INV6369	SUB2159	ACC2473	2025-09-15	0.0	INR	PAID
INV6370	SUB3707	ACC1821	2025-06-24	177.08	USDD	paid
INV6371	SUB3788	ACC3478	2025-08-21	0.0	USD	paid
INV6372	SUB2537	ACC3920	2025-06-10	0.0	USD	failed
INV6373	SUB3234	ACC2946	2025-09-15	-12.0	USD	failed
INV6374	SUB2615	ACC1173	2025-06-07	-10.72	EUR	failed
INV6375	SUB4060	ACC5909	2025-09-15	0.0	EUR	PAID
INV6376	SUB2902	ACC2873	2025-06-14	453.1	USD	paid
INV6377	SUB2526	ACC2569	2025-09-15	39.66	INR	paid
INV6378	SUB2067	ACC4088	2025-08-16	0.0	INR	PAID
INV6379	SUB2079	ACC1077	2025-07-07	0.0	USD	failed
INV6380	SUB4324	ACC1027	2025-08-18	204.98	INR	refunded
INV6381	SUB2091	ACC5471	2025-06-17	0.0	EUR	PAID
INV6382	SUB4157	ACC2252	2025-09-15	0.0	EUR	failed
INV6383	SUB3906	ACC3272	2025-09-15	96.6	EUR	PAID
INV6384	SUB4121	ACC3084	2025-08-08	0.0	USDD	refunded
INV6385	SUB2712	ACC2068	2025-09-15	0.0	EUR	paid
INV6386	SUB2496	ACC3059	2025-07-18	484.31	USDD	refunded
INV6387	SUB3146	ACC3661	2025-09-15	0.0	INR	paid
INV6388	SUB2789	ACC2011	2025-09-15	465.17	USDD	failed
INV6389	SUB3406	ACC2392	2025-06-21	0.0	EUR	failed
INV6390	SUB4505	ACC3044	2025-09-15	29.65	INR	refunded
INV6391	SUB2505	ACC3195	2025-06-14	0.0	USDD	failed
INV6392	SUB4023	ACC5082	2025-07-26	0.0	USD	failed
INV6393	SUB2393	ACC5391	2025-09-15	0.0	INR	paid
INV6394	SUB1999	ACC2302	2025-08-14	0.0	USDD	PAID
INV6395	SUB4296	ACC3847	2025-09-15	355.89	INR	PAID
INV6396	SUB2017	ACC2209	2025-07-14	373.87	EUR	paid
INV6397	SUB2122	ACC969	2025-07-31	273.18	USD	paid
INV6398	SUB4190	ACC1301	2025-06-05	400.24	USD	paid
INV6399	SUB2708	ACC5355	2025-09-15	0.0	USD	refunded
INV6400	SUB2330	ACC4713	2025-07-16	0.0	USD	paid
INV6401	SUB3513	ACC2343	2025-08-06	0.0	INR	failed
INV6402	SUB3989	ACC4851	2025-09-15	473.1	INR	refunded
INV6403	SUB2550	ACC2333	2025-08-23	147.76	EUR	failed
INV6404	SUB3823	ACC1413	2025-09-15	0.0	USDD	failed
INV6405	SUB2643	ACC3075	2025-09-15	0.0	USDD	paid
INV6406	SUB3178	ACC4875	2025-09-15	230.87	EUR	paid
INV6407	SUB4418	ACC1088	2025-09-15	73.1	USD	paid
INV6408	SUB3677	ACC1396	2025-07-25	0.0	USD	refunded
INV6409	SUB2900	ACC990	2025-06-15	471.85	INR	paid
INV6410	SUB3962	ACC1009	2025-07-04	0.0	USDD	refunded
INV6411	SUB2206	ACC3816	2025-06-12	0.0	EUR	paid
INV6412	SUB3383	ACC1586	2025-09-15	353.63	USD	refunded
INV6413	SUB2815	ACC4703	2025-07-23	0.0	USDD	failed
INV6414	SUB4161	ACC4856	2025-09-15	306.61	USD	PAID
INV6415	SUB2421	ACC5448	2025-06-18	394.68	USDD	failed
INV6416	SUB2966	ACC2816	2025-07-28	0.0	EUR	refunded
INV6417	SUB4213	ACC2776	2025-09-15	0.0	USD	refunded
INV6418	SUB3210	ACC3095	2025-09-15	80.01	USD	failed
INV6419	SUB3716	ACC1069	2025-09-15	376.66	USDD	PAID
INV6420	SUB2288	ACC1251	2025-09-15	0.0	USDD	paid
INV6421	SUB4519	ACC4900	2025-09-15	326.38	USDD	PAID
INV6422	SUB3093	ACC2687	2025-09-15	400.99	INR	paid
INV6423	SUB3156	ACC5573	2025-07-30	0.0	INR	paid
INV6424	SUB2913	ACC1826	2025-08-11	0.0	EUR	paid
INV6425	SUB2696	ACC1504	2025-06-20	0.0	USDD	refunded
INV6426	SUB2211	ACC4586	2025-06-25	283.55	USDD	failed
INV6427	SUB2221	ACC5714	2025-08-25	0.0	USDD	failed
INV6428	SUB3650	ACC3910	2025-09-15	0.0	USDD	paid
INV6429	SUB2380	ACC5570	2025-09-15	484.09	USD	PAID
INV6430	SUB1902	ACC5310	2025-06-11	0.0	EUR	refunded
INV6431	SUB3146	ACC5370	2025-09-15	0.0	USD	refunded
INV6432	SUB3237	ACC1809	2025-06-09	424.41	USD	PAID
INV6433	SUB2374	ACC3740	2025-06-27	0.0	USDD	PAID
INV6434	SUB2148	ACC2930	2025-07-28	63.16	USD	refunded
INV6435	SUB4518	ACC1995	2025-09-15	-7.62	EUR	PAID
INV6436	SUB3478	ACC4431	2025-08-23	188.75	USDD	paid
INV6437	SUB3339	ACC5684	2025-09-15	185.78	USDD	refunded
INV6438	SUB3227	ACC5748	2025-07-22	0.0	EUR	PAID
INV6439	SUB3184	ACC1382	2025-07-26	157.02	INR	failed
INV6440	SUB4463	ACC4105	2025-06-24	0.0	EUR	failed
INV6441	SUB1961	ACC1113	2025-08-16	0.0	EUR	paid
INV6442	SUB4057	ACC2201	2025-06-19	0.0	EUR	paid
INV6443	SUB2258	ACC3271	2025-07-24	0.0	USDD	PAID
INV6444	SUB4119	ACC2992	2025-09-15	100.88	USD	paid
INV6445	SUB3878	ACC1319	2025-07-05	0.0	INR	failed
INV6446	SUB3590	ACC931	2025-06-18	-46.11	USD	failed
INV6447	SUB4455	ACC1828	2025-07-01	0.0	EUR	failed
INV6448	SUB4296	ACC5468	2025-06-10	0.0	USDD	paid
INV6449	SUB2251	ACC2427	2025-09-15	442.22	USDD	paid
INV6450	SUB2482	ACC3513	2025-07-08	491.59	EUR	paid
INV6451	SUB3749	ACC1747	2025-06-15	0.0	INR	refunded
INV6452	SUB1907	ACC5986	2025-06-18	0.0	USD	refunded
INV6453	SUB4154	ACC1353	2025-09-15	0.0	USDD	failed
INV6454	SUB1980	ACC1121	2025-08-05	0.0	INR	refunded
INV6455	SUB3600	ACC4580	2025-07-05	78.85	EUR	failed
INV6456	SUB2690	ACC3141	2025-09-15	79.44	INR	PAID
INV6457	SUB2269	ACC3422	2025-06-16	349.62	INR	paid
INV6458	SUB2690	ACC5843	2025-09-15	0.0	USD	PAID
INV6459	SUB2380	ACC1628	2025-09-15	0.0	USD	PAID
INV6460	SUB2609	ACC2877	2025-09-15	0.0	EUR	refunded
INV6461	SUB2266	ACC2478	2025-07-13	210.68	INR	refunded
INV6462	SUB3364	ACC5820	2025-09-15	312.98	USD	paid
INV6463	SUB2786	ACC3078	2025-09-15	0.0	INR	failed
INV6464	SUB2093	ACC5861	2025-09-15	0.0	USD	failed
INV6465	SUB3819	ACC5099	2025-07-16	441.07	EUR	failed
INV6466	SUB3560	ACC5995	2025-07-22	469.51	USDD	failed
INV6467	SUB4383	ACC3392	2025-06-28	153.65	EUR	paid
INV6468	SUB3628	ACC3663	2025-08-20	0.0	INR	failed
INV6469	SUB2795	ACC3264	2025-07-17	0.0	USD	refunded
INV6470	SUB4207	ACC3313	2025-07-16	16.05	INR	refunded
INV6471	SUB4096	ACC2387	2025-07-12	0.0	USDD	failed
INV6472	SUB2594	ACC5528	2025-09-15	0.0	USDD	paid
INV6473	SUB3870	ACC2178	2025-09-15	0.0	USD	refunded
INV6474	SUB2825	ACC1274	2025-06-24	373.27	USDD	refunded
INV6475	SUB2130	ACC4120	2025-09-15	291.51	USDD	paid
INV6476	SUB2071	ACC4540	2025-08-24	207.1	EUR	PAID
INV6477	SUB2790	ACC3575	2025-08-30	378.75	EUR	failed
INV6478	SUB2266	ACC5166	2025-07-08	0.0	USD	refunded
INV6479	SUB3471	ACC5970	2025-09-15	0.0	EUR	paid
INV6480	SUB4141	ACC5607	2025-06-05	225.4	USDD	failed
INV6481	SUB4472	ACC2213	2025-09-15	18.18	USDD	failed
INV6482	SUB3037	ACC5205	2025-09-15	325.88	USDD	PAID
INV6483	SUB3181	ACC3277	2025-07-04	0.0	USDD	PAID
INV6484	SUB4147	ACC1117	2025-09-15	222.96	USD	paid
INV6485	SUB4480	ACC2456	2025-09-15	0.0	USD	paid
INV6486	SUB2923	ACC2433	2025-09-15	0.0	INR	PAID
INV6487	SUB3441	ACC5730	2025-09-15	0.0	USDD	failed
INV6488	SUB3988	ACC5658	2025-09-15	238.59	EUR	refunded
INV6489	SUB2427	ACC5730	2025-09-15	297.27	INR	refunded
INV6490	SUB3252	ACC2801	2025-06-03	0.0	EUR	paid
INV6491	SUB3614	ACC4256	2025-09-15	0.0	INR	paid
INV6492	SUB2471	ACC5639	2025-07-20	0.0	EUR	failed
INV6493	SUB2664	ACC4010	2025-06-15	0.0	INR	PAID
INV6494	SUB2430	ACC5533	2025-09-15	0.0	EUR	paid
INV6495	SUB4310	ACC5234	2025-09-15	334.29	USD	paid
INV6496	SUB4494	ACC4686	2025-09-15	0.0	USDD	paid
INV6497	SUB2413	ACC3162	2025-06-12	119.8	INR	PAID
INV6498	SUB4121	ACC2016	2025-08-16	388.91	USDD	refunded
INV6499	SUB4241	ACC5925	2025-06-26	388.22	EUR	PAID
INV6500	SUB3637	ACC2387	2025-08-21	0.0	USDD	refunded
INV6501	SUB2130	ACC5051	2025-09-15	175.37	USD	failed
INV6502	SUB2632	ACC5672	2025-09-15	0.0	EUR	refunded
INV6503	SUB3435	ACC2637	2025-09-15	0.0	USDD	PAID
INV6504	SUB3847	ACC5776	2025-09-15	349.69	INR	failed
INV6505	SUB2081	ACC5700	2025-09-15	156.92	INR	PAID
INV6506	SUB3722	ACC4731	2025-09-15	0.0	EUR	failed
INV6507	SUB3139	ACC3336	2025-08-24	286.8	EUR	paid
INV6508	SUB2630	ACC5648	2025-06-07	0.0	EUR	paid
INV6509	SUB3717	ACC3018	2025-07-16	0.0	EUR	paid
INV6510	SUB3321	ACC4052	2025-06-29	200.33	EUR	PAID
INV6511	SUB4479	ACC5396	2025-09-15	488.31	USDD	PAID
INV6512	SUB1917	ACC5101	2025-06-22	439.69	USDD	PAID
INV6513	SUB2864	ACC2524	2025-09-15	229.65	USDD	failed
INV6514	SUB2707	ACC3669	2025-08-28	145.66	EUR	PAID
INV6515	SUB4341	ACC5861	2025-09-15	3.93	USD	failed
INV6516	SUB2760	ACC5636	2025-09-15	0.0	EUR	paid
INV6517	SUB2750	ACC3290	2025-09-15	-15.24	EUR	failed
INV6518	SUB3964	ACC5898	2025-09-15	323.35	USD	refunded
INV6519	SUB3798	ACC3534	2025-06-25	13.62	USD	PAID
INV6520	SUB3687	ACC974	2025-08-05	343.68	USD	refunded
INV6521	SUB3880	ACC1707	2025-09-15	484.83	USD	refunded
INV6522	SUB4487	ACC3222	2025-06-03	0.0	USDD	paid
INV6523	SUB2148	ACC4663	2025-09-15	0.0	EUR	PAID
INV6524	SUB3730	ACC1578	2025-09-15	244.7	USD	paid
INV6525	SUB3720	ACC4950	2025-09-15	0.0	EUR	PAID
INV6526	SUB3158	ACC3936	2025-09-15	0.0	USDD	failed
INV6527	SUB3522	ACC1377	2025-08-04	258.36	INR	paid
INV6528	SUB3741	ACC5955	2025-07-28	-27.03	INR	paid
INV6529	SUB2011	ACC2661	2025-09-15	-28.52	INR	refunded
INV6530	SUB2147	ACC2608	2025-09-15	323.17	USD	PAID
INV6531	SUB4014	ACC5985	2025-08-26	0.0	EUR	PAID
INV6532	SUB3734	ACC2120	2025-06-23	-18.0	USD	refunded
INV6533	SUB3347	ACC5629	2025-07-13	87.19	EUR	paid
INV6534	SUB3944	ACC2731	2025-06-03	0.0	USD	paid
INV6535	SUB1986	ACC3677	2025-09-15	0.0	USDD	PAID
INV6536	SUB2606	ACC4451	2025-09-15	0.0	EUR	PAID
INV6537	SUB2360	ACC2229	2025-08-27	0.0	EUR	refunded
INV6538	SUB2697	ACC3342	2025-07-18	28.47	INR	PAID
INV6539	SUB3459	ACC2280	2025-07-31	161.69	USD	PAID
INV6540	SUB2331	ACC2947	2025-09-15	389.67	INR	refunded
INV6541	SUB3200	ACC2347	2025-09-15	0.0	USD	paid
INV6542	SUB3505	ACC2592	2025-09-15	381.49	USD	refunded
INV6543	SUB3149	ACC1665	2025-06-22	496.58	USD	failed
INV6544	SUB3696	ACC1584	2025-09-15	0.0	INR	paid
INV6545	SUB2147	ACC4263	2025-07-18	368.28	USDD	paid
INV6546	SUB2574	ACC1344	2025-08-18	42.87	EUR	refunded
INV6547	SUB4109	ACC3422	2025-09-15	372.02	USDD	refunded
INV6548	SUB4009	ACC3236	2025-07-17	0.0	USD	failed
INV6549	SUB2583	ACC3652	2025-08-29	0.0	USD	failed
INV6550	SUB3824	ACC3089	2025-06-17	117.42	INR	PAID
INV6551	SUB1993	ACC5550	2025-07-26	424.36	INR	PAID
INV6552	SUB1919	ACC3710	2025-07-27	172.39	USD	refunded
INV6553	SUB3089	ACC4880	2025-09-15	317.93	INR	refunded
INV6554	SUB2717	ACC3317	2025-06-02	0.0	USD	refunded
INV6555	SUB3418	ACC4622	2025-09-15	0.0	EUR	failed
INV6556	SUB3194	ACC3932	2025-09-15	0.0	INR	paid
INV6557	SUB3335	ACC3888	2025-09-15	-12.32	USDD	paid
INV6558	SUB3228	ACC3402	2025-06-01	44.91	INR	PAID
INV6559	SUB3532	ACC2275	2025-07-25	0.0	EUR	refunded
INV6560	SUB3024	ACC3937	2025-09-15	0.0	EUR	refunded
INV6561	SUB4027	ACC3969	2025-09-15	313.33	EUR	failed
INV6562	SUB2024	ACC5886	2025-09-15	0.0	USDD	failed
INV6563	SUB4119	ACC4148	2025-07-05	0.0	USD	refunded
INV6564	SUB2069	ACC4331	2025-09-15	497.99	INR	paid
INV6565	SUB1943	ACC2141	2025-08-15	8.26	USD	paid
INV6566	SUB2184	ACC2900	2025-06-13	0.0	INR	PAID
INV6567	SUB3645	ACC4313	2025-09-15	0.0	USD	refunded
INV6568	SUB2881	ACC5587	2025-08-30	50.58	USD	refunded
INV6569	SUB2688	ACC4182	2025-09-15	180.72	INR	failed
INV6570	SUB3591	ACC3383	2025-09-15	0.0	INR	refunded
INV6571	SUB2463	ACC1441	2025-08-05	175.64	USD	refunded
INV6572	SUB2755	ACC1207	2025-09-15	375.93	INR	paid
INV6573	SUB4489	ACC5449	2025-07-12	0.0	INR	PAID
INV6574	SUB2971	ACC4182	2025-06-21	0.0	USD	paid
INV6575	SUB3160	ACC3003	2025-09-15	0.0	USDD	failed
INV6576	SUB3235	ACC5049	2025-09-15	10.28	USD	failed
INV6577	SUB3716	ACC3826	2025-06-04	177.36	USD	refunded
INV6578	SUB2676	ACC5900	2025-07-30	474.67	USDD	PAID
INV6579	SUB3068	ACC5025	2025-08-24	0.0	USD	failed
INV6580	SUB4486	ACC2819	2025-08-24	435.0	USDD	refunded
INV6581	SUB4525	ACC5085	2025-06-10	336.49	EUR	paid
INV6582	SUB3781	ACC1088	2025-09-15	0.0	USDD	paid
INV6583	SUB4107	ACC1435	2025-06-19	-16.31	USDD	paid
INV6584	SUB3490	ACC5547	2025-09-15	67.05	USD	PAID
INV6585	SUB3945	ACC1131	2025-09-15	0.0	USDD	paid
INV6586	SUB2658	ACC3556	2025-08-04	0.0	USD	PAID
INV6587	SUB3871	ACC2887	2025-08-26	0.0	USDD	paid
INV6588	SUB2147	ACC3720	2025-09-15	0.0	EUR	paid
INV6589	SUB3949	ACC3812	2025-09-15	0.0	USDD	PAID
INV6590	SUB4399	ACC922	2025-09-15	457.31	USD	PAID
INV6591	SUB3459	ACC5783	2025-08-21	451.23	INR	paid
INV6592	SUB4514	ACC3494	2025-09-15	0.0	USDD	PAID
INV6593	SUB3584	ACC5129	2025-07-09	0.0	EUR	paid
INV6594	SUB3539	ACC996	2025-06-24	0.0	INR	paid
INV6595	SUB3088	ACC5533	2025-09-15	-26.55	INR	paid
INV6596	SUB1911	ACC2852	2025-06-07	0.0	USDD	PAID
INV6597	SUB2122	ACC1469	2025-07-20	0.0	INR	paid
INV6598	SUB3964	ACC2381	2025-09-15	0.0	EUR	failed
INV6599	SUB2000	ACC1877	2025-08-25	33.08	EUR	failed
INV6600	SUB4560	ACC3746	2025-06-25	155.47	EUR	failed
INV6601	SUB4193	ACC3033	2025-09-15	0.0	USD	failed
INV6602	SUB2355	ACC5780	2025-09-15	0.0	EUR	refunded
INV6603	SUB2249	ACC3538	2025-09-15	0.0	USD	PAID
INV6604	SUB3675	ACC1407	2025-09-15	0.0	USD	failed
INV6605	SUB3015	ACC2614	2025-09-15	302.99	INR	refunded
INV6606	SUB3112	ACC5756	2025-07-12	0.0	USD	paid
INV6607	SUB3184	ACC5073	2025-09-15	0.0	EUR	PAID
INV6608	SUB2115	ACC4456	2025-08-26	483.71	USD	PAID
INV6609	SUB4386	ACC5158	2025-07-28	0.0	EUR	PAID
INV6610	SUB4168	ACC2894	2025-08-20	0.0	USDD	failed
INV6611	SUB2972	ACC3507	2025-09-15	414.85	USD	PAID
INV6612	SUB3316	ACC1650	2025-06-29	69.19	EUR	failed
INV6613	SUB3600	ACC2158	2025-07-26	0.0	EUR	refunded
INV6614	SUB4420	ACC5937	2025-07-06	132.32	INR	failed
INV6615	SUB3197	ACC2091	2025-09-15	324.85	EUR	refunded
INV6616	SUB2273	ACC3804	2025-09-15	0.0	USDD	paid
INV6617	SUB4064	ACC5249	2025-08-12	299.19	USDD	PAID
INV6618	SUB3617	ACC1710	2025-09-15	146.64	USDD	paid
INV6619	SUB4031	ACC4513	2025-06-05	0.0	INR	paid
INV6620	SUB2503	ACC2412	2025-09-15	0.0	USDD	paid
INV6621	SUB2881	ACC4216	2025-09-15	0.0	INR	PAID
INV6622	SUB4126	ACC3112	2025-06-17	345.22	INR	failed
INV6623	SUB3216	ACC2959	2025-09-15	84.66	INR	failed
INV6624	SUB3521	ACC4678	2025-09-15	56.04	INR	paid
INV6625	SUB3351	ACC2851	2025-09-15	305.87	USD	refunded
INV6626	SUB3212	ACC2714	2025-06-09	43.87	INR	PAID
INV6627	SUB3423	ACC3306	2025-09-15	189.93	USDD	paid
INV6628	SUB2800	ACC3725	2025-07-22	0.0	USDD	paid
INV6629	SUB3838	ACC2128	2025-09-15	402.75	USDD	paid
INV6630	SUB4396	ACC5827	2025-06-14	383.85	USDD	failed
INV6631	SUB2880	ACC2816	2025-09-15	0.0	USDD	paid
INV6632	SUB2890	ACC3814	2025-07-02	-47.5	EUR	PAID
INV6633	SUB4441	ACC4457	2025-09-15	201.34	USD	paid
INV6634	SUB2605	ACC5273	2025-09-15	0.0	USD	PAID
INV6635	SUB2644	ACC5738	2025-06-25	71.92	USD	PAID
INV6636	SUB4155	ACC2914	2025-07-03	0.0	USDD	refunded
INV6637	SUB1985	ACC4064	2025-09-15	168.0	EUR	paid
INV6638	SUB2102	ACC5084	2025-09-15	471.12	INR	PAID
INV6639	SUB2631	ACC4987	2025-08-24	0.0	EUR	PAID
INV6640	SUB2597	ACC2149	2025-07-25	425.93	INR	paid
INV6641	SUB3315	ACC2901	2025-09-15	424.53	EUR	failed
INV6642	SUB3194	ACC5483	2025-09-15	34.61	INR	paid
INV6643	SUB4044	ACC3132	2025-09-15	341.5	USD	refunded
INV6644	SUB2667	ACC3420	2025-09-15	0.0	EUR	PAID
INV6645	SUB2687	ACC1615	2025-08-12	404.24	USD	paid
INV6646	SUB3988	ACC2208	2025-07-31	424.27	USDD	refunded
INV6647	SUB2778	ACC5231	2025-09-15	408.8	EUR	failed
INV6648	SUB2244	ACC4421	2025-07-01	0.0	INR	PAID
INV6649	SUB4523	ACC4630	2025-06-22	191.37	USD	PAID
INV6650	SUB2464	ACC4499	2025-09-15	0.0	USDD	failed
INV6651	SUB2521	ACC3282	2025-09-15	314.83	INR	paid
INV6652	SUB2456	ACC1640	2025-06-09	0.0	EUR	PAID
INV6653	SUB4035	ACC2281	2025-06-30	202.2	EUR	refunded
INV6654	SUB4563	ACC3793	2025-09-15	306.95	USDD	PAID
INV6655	SUB2947	ACC4465	2025-07-22	0.0	EUR	failed
INV6656	SUB2439	ACC2222	2025-09-15	407.63	EUR	paid
INV6657	SUB2658	ACC4951	2025-06-20	0.0	INR	refunded
INV6658	SUB1938	ACC1103	2025-09-15	0.0	INR	PAID
INV6659	SUB2657	ACC2286	2025-07-16	0.0	EUR	PAID
INV6660	SUB2621	ACC3161	2025-08-10	0.0	EUR	paid
INV6661	SUB2987	ACC5261	2025-09-15	0.0	USDD	failed
INV6662	SUB4513	ACC5426	2025-09-15	0.0	INR	failed
INV6663	SUB3932	ACC3761	2025-09-15	0.0	USDD	refunded
INV6664	SUB2335	ACC2848	2025-08-25	0.0	USD	paid
INV6665	SUB3628	ACC2102	2025-06-20	166.85	USD	failed
INV6666	SUB2980	ACC3165	2025-09-15	0.0	USDD	PAID
INV6667	SUB3267	ACC4192	2025-08-03	51.22	USDD	PAID
INV6668	SUB4550	ACC2059	2025-09-15	-6.27	USD	PAID
INV6669	SUB2358	ACC2053	2025-07-12	0.0	USDD	refunded
INV6670	SUB4459	ACC3345	2025-09-15	328.59	USDD	refunded
INV6671	SUB3035	ACC5661	2025-07-28	191.99	INR	PAID
INV6672	SUB3339	ACC3126	2025-07-27	0.0	INR	refunded
INV6673	SUB4342	ACC1901	2025-07-02	45.21	INR	paid
INV6674	SUB4130	ACC3954	2025-09-15	465.79	USD	PAID
INV6675	SUB3192	ACC3780	2025-06-01	120.54	USDD	PAID
INV6676	SUB4378	ACC5522	2025-09-15	205.83	USD	refunded
INV6677	SUB3966	ACC4388	2025-08-25	238.81	EUR	PAID
INV6678	SUB3939	ACC5112	2025-09-15	265.24	INR	failed
INV6679	SUB3947	ACC3103	2025-09-15	0.0	USDD	refunded
INV5000	SUB3890	ACC1638	2025-09-15	99.43	EUR	PAID
INV5001	SUB2773	ACC2322	2025-06-25	0.0	EUR	refunded
INV5002	SUB3219	ACC3121	2025-09-15	472.47	USD	paid
INV5003	SUB3706	ACC2800	2025-08-29	160.58	USD	PAID
INV5004	SUB4196	ACC2384	2025-06-25	0.0	USDD	PAID
INV5005	SUB3873	ACC3520	2025-06-19	0.0	INR	paid
INV5006	SUB3385	ACC5013	2025-07-19	0.0	EUR	refunded
INV5007	SUB3609	ACC3321	2025-08-02	-13.29	EUR	refunded
INV5008	SUB3543	ACC4601	2025-06-05	0.0	EUR	refunded
INV5009	SUB3908	ACC2854	2025-07-17	0.0	EUR	PAID
